chapter_id,category,chapter_title,section_title,experiment,relationship,evidence_title,evidence_date,evidence_researcher
ID,研究カテゴリー,章,タイトル,どんな実験・結果？ ,なぞかけとの関係性,論拠となる研究,時期,研究者
1.1,第1部：脳と認知のメカニズム（思考とひらめき）,第1章：脳科学・中枢神経系へのアプローチ,アハ体験と右半球・前上側頭回の活性化,被験者に「言葉のパズル」を解いてもらい、その最中の脳の血流をfMRI（巨大な磁石のトンネルに入る脳スキャン装置）で観察しました。すると、論理的にコツコツ考えた時とは違い、「あ！わかった！」と直感的にひらめいた瞬間、右耳の少し上から前方にかけて（右半球の前上側頭回）がピカッと強く活性化することが分かりました。,「AとかけてBと解く、その心はC」のCを聞いた瞬間、最初は「ん？」と思っても、次の瞬間に「ああ、そういうことか！」と意味が繋がりますよね。この時、一見無関係に見えたAとBの共通点を脳が劇的に結びつけ、アハ体験（強い納得感）を生み出しています。,洞察（ひらめき）問題解決時の神経活動に関する研究,2004年,マーク・ビーマン（ノースウェスタン大学）、ジョン・クーニオス（ドレクセル大学）ら
1.2,第1部：脳と認知のメカニズム（思考とひらめき）,第1章：脳科学・中枢神経系へのアプローチ,準備電位と「整いました」の相関,人に「好きなタイミングで手首を動かしてください」と指示し、脳波と筋肉の動きを測定しました。すると、本人が「よし、今動かそう」と意識で決定する約0.3〜0.5秒も前に、脳波にはすでに「動くための準備（準備電位）」が現れていることが発見されました。,芸人さんがパッと手を叩いて「整いました！」と声を発する瞬間。実は本人が「よし、言おう」と意識するコンマ数秒前に、脳はすでに無意識のレベルで「発声し、手を動かす」ための運動プログラムのGOサイン（準備）を出している状態と言えます。つまり、「整いました」と宣言するための身体的な準備は、意識的な意図よりも先に始まっているのです。,自発的な運動と意識的な意図（準備電位）に関する研究,1983年,ベンジャミン・リベット（カリフォルニア大学サンフランシスコ校）ら
1.3,第1部：脳と認知のメカニズム（思考とひらめき）,第1章：脳科学・中枢神経系へのアプローチ,ひらめきの瞬間のガンマ波バースト,ひらめき問題を解いている時の脳波（電気信号）を細かく分析した実験です。ひらめいて答えが分かった瞬間の約0.3秒前に、右脳の側頭部から「ガンマ波」と呼ばれる非常に細かい波（高周波数）が突発的に発生（バースト）することが分かりました。,「その心は？」の後、一瞬の間があってから「なるほど！」と膝を打ちますよね。あのオチを理解した瞬間、脳の特定の領域（右脳の側頭部）で細かい波が突発的に発生し、情報が瞬時に統合されることで「わかった！」というスッキリ感を作り出しています。,ひらめき時の脳波（EEG）バーストに関する研究,2004年,ジョン・クーニオス、マーク・ビーマンら
1.4,第1部：脳と認知のメカニズム（思考とひらめき）,第1章：脳科学・中枢神経系へのアプローチ,報酬系ネットワークの活性化と「上手さ」の評価,被験者に「面白いジョークやマンガ」を見せながら脳の活動を観察しました。すると、ジョークを理解して「面白い！」と感じた時、ドーパミンを主要な伝達物質とする脳の奥深くの「報酬系ネットワーク」が強く活性化することが分かりました。面白ければ面白いほど、この活動は強くなりました。,なぞかけを聞いて「うまい！座布団一枚！」と感じる時、脳内ではご褒美として報酬系ネットワークが強く働いています。なぞかけの鮮やかさ（2つの言葉の見事な掛かり具合）は、脳にとって上質なご馳走であり、それが強烈な快感と笑いに繋がるのです。,ユーモアが中脳辺縁系の報酬中枢を調節するメカニズムの研究,2003年,ディーン・モブス（スタンフォード大学）ら
1.5,第1部：脳と認知のメカニズム（思考とひらめき）,第1章：脳科学・中枢神経系へのアプローチ,なぞかけ生成時の前頭前野の血流変化,NIRS（頭に光を当てて血流を測る手軽なセンサー）を使い、新しいアイデアをひねり出したり、複数の情報を同時に頭に留めておく（ワーキングメモリ）作業中の脳を測定しました。すると、単に話を聞いている時と比べ、自分で考えを組み立てる時は「脳の司令塔」であるおでこの裏側（前頭前野）の血流が急増し、フル回転していることが分かりました。,他人のなぞかけを「聞く（解く）」のはアハ体験の快感ですが、自分で「作る」となると話は別です。お題から複数の概念を同時に頭に保持しつつ、当たり前の連想を「抑制」し、別の意味を持つ同音異義語を探して綺麗に繋ぎ合わせる……これは脳の司令塔（前頭前野）の「実行機能（Executive Function）」をフル稼働させ、猛烈な負荷をかける極めて高度な知的トレーニングと言えます。,創造的思考やワーキングメモリ負荷時の前頭前野の活動に関するNIRS研究（※特定の1つの論文ではなく、脳科学における広く確立された知見です）,（記載なし）,（記載なし）
1.6,第1部：脳と認知のメカニズム（思考とひらめき）,第1章：脳科学・中枢神経系へのアプローチ,デフォルトモードネットワーク（DMN）の関与,被験者に「何も考えず、ただぼんやり休んでください」と指示して脳の血流を調べました。すると、脳は休んでいるどころか、特定のネットワーク（DMN）が活発にエネルギーを消費していることが2001年に発見されました。さらに後年の研究によって、このDMNが記憶の整理や情報の結びつけを無意識に行っていることが分かってきました。,「Aとかけて…」と考え込む時、机に向かって必死に集中するよりも、お風呂に入っている時や散歩中など、少し気を抜いて「ぼんやり（アイドリング）」している時の方が良いアイデアが降ってきますよね。これは、DMNが普段は結びつかないような遠く離れた言葉同士（AとB）のアイデアの種を脳内で自由に広げ、最終的に脳の司令塔である「前頭葉」がそれを拾い上げて論理的なオチとして完成させてくれるからです。,デフォルトモードネットワーク（DMN）の発見と概念化,2001年,マーカス・レイクル（ワシントン大学）ら
1.7,第1部：脳と認知のメカニズム（思考とひらめき）,第1章：脳科学・中枢神経系へのアプローチ,同音異義語処理と左前頭葉の反応,同じ音で複数の意味を持つ言葉（例：「くも」＝雲・蜘蛛）を聞いた際の脳活動を、MEG（脳磁図）やfMRIという装置で測定しました。すると、言葉の辞書である「ウェルニッケ野（左側頭葉）」から複数の意味が引き出され、司令塔である「左の前頭葉」が強く反応して交通整理を行い、文脈に合う正しい意味を瞬時に選び出すことが分かりました。,なぞかけの命である「オチ（掛詞）」を聞いた瞬間、脳内では「2つの異なる意味」が同時に検索されます。左の前頭葉が「なるほど、ここではこの2つの意味が同時に成立しているんだ！」と瞬時に交通整理をしてくれるおかげで、私たちは言葉遊びの巧妙さに気づき、「うまい！」と感心することができるのです。,意味的曖昧さ（多義語・同音異義語）の処理に関する脳機能イメージング研究,2005年,ジェニファー・ロッド（ユニバーシティ・カレッジ・ロンドン）ら
1.8,第1部：脳と認知のメカニズム（思考とひらめき）,第1章：脳科学・中枢神経系へのアプローチ,解けなかった時の島皮質反応,「正解すればご褒美がもらえる」という期待を持たせた上で、わざと解けない課題を出したり、期待を裏切ったりした時の脳を調べました。すると、フラストレーション（欲求不満）を感じた瞬間に、「島皮質（とうひしつ：不快感のセンサー）」がチカチカと不快感のシグナルを出すことが分かりました。,「その心は？」と言われてオチを聞いたのに、知識不足や掛詞の難解さで意味が全く分からなかった時。「なぜ周りのみんなは笑っているんだ？」というモヤモヤした小さなストレスが島皮質を刺激します。アハ体験（スッキリ感）が得られない状態は、脳にとって一種の「軽いエラー状態」であり、不快感に繋がってしまいます。,期待された報酬の欠如（フラストレーション）による島皮質等の活性化に関する研究,2005年,ビルギット・アブラー（ウルム大学）ら
1.9,第1部：脳と認知のメカニズム（思考とひらめき）,第1章：脳科学・中枢神経系へのアプローチ,難易度による認知負荷とシータ波の変動,暗算や記憶課題など、頭を使う作業の難易度を少しずつ上げていきながら脳波を測定しました。問題が難しくなって脳の負担（認知負荷）が増すにつれて、おでこのあたり（前頭部）から「シータ波」と呼ばれる特定の脳波（集中・記憶の波）が強く現れることが分かりました。,誰でも思いつくような簡単なものではなく、複数のお題が絡むような高度ななぞかけを振られた時。「えーっと、あれの特徴はこれで、似た言葉は…」と、脳のメモ帳（ワーキングメモリ）を限界まで使って粘り強く考えている状態の時、私たちの脳波は強いシータ波を放ちながらフル稼働しています。,ワーキングメモリの負荷と前頭部シータ波（Fm-theta）の増加に関する研究,1997年,アラン・ゲヴィンス（EEGシステムズ研究所）ら
1.1,第1部：脳と認知のメカニズム（思考とひらめき）,第1章：脳科学・中枢神経系へのアプローチ,熟練者と初心者の脳活動比較,ある分野のプロ（将棋棋士やゲームの熟練者など）とアマチュアが同じ課題に取り組む時の脳活動を比較しました。初心者は脳全体を無駄にフル回転させて必死に考えていましたが、プロは直感的なパターン認識を司る部位だけがピンポイントで働き、脳のエネルギー消費が極めて少ない（神経回路が最適化されている）ことが分かりました。,プロの落語家など「なぞかけの名手」は、お題を出された瞬間に「連想語の展開」や「同音異義語の検索」を自動的に行う専用の脳内バイパス（神経回路）が出来上がっています。そのため、素人が脳全体を唸らせて汗をかくような難しいお題でも、非常に少ない脳のエネルギーで、涼しい顔をして瞬時に「整いました」と返すことができるのです。,神経効率仮説（Neural Efficiency Hypothesis）の提唱および、熟練者と初心者の脳回路の比較研究,1992年（初期のPET研究）〜2011年（理化学研究所による将棋プロの直感研究など）,リチャード・ハイヤー（カリフォルニア大学アーバイン校）、田中啓治・万小紅（理化学研究所）ら
2.1,第1部：脳と認知のメカニズム（思考とひらめき）,第2章：遺伝学・分子生物学・生化学的アプローチ,DRD4（ドーパミン受容体遺伝子）多型となぞかけの快感度の違い,人のDNAを採取して「ドーパミン（快楽物質）を受け取るアンテナの形（DRD4遺伝子の型）」を調べ、その人たちが「新しいこと」や「ユーモア」に対してどれくらい強い快感や興奮を覚えるかを、アンケートや脳波で比較する実験です。人の遺伝子には個人差（多型）があります。特定の遺伝子型を持つ人は、脳が「新しい情報」や「驚き」を受け取った時、他の人よりもドーパミンによる快感を強く、ダイナミックに感じ取れることがわかりました。,秀逸ななぞかけのオチを聞いた時、「うおお、天才だ！」と大興奮する人と、「ふーん、なるほどね」と冷静な人がいます。これは単に「笑いのツボ」の違いというだけでなく、脳のドーパミンアンテナの形（遺伝子）の違いが影響しています。すべてが決まっているわけではありませんが、なぞかけによる「ひらめきの快感」を受け取りやすい素質には、遺伝子レベルで個人差があるのは事実なのです。,新奇性追求（Novelty Seeking）とDRD4遺伝子多型の関連研究,1996年〜現在,リチャード・エブスタイン（Richard Ebstein）らの行動遺伝学研究グループ
2.2,第1部：脳と認知のメカニズム（思考とひらめき）,第2章：遺伝学・分子生物学・生化学的アプローチ,ユーモア理解に関わるCOMT遺伝子多型とひらめき時間の相関,脳の前頭葉（思考を司る部分）にあるドーパミンを分解・掃除する酵素「COMT」の遺伝子型を調べます。参加者に「ひらめき」が必要な言葉のパズルを解かせ、正解にたどり着くまでのスピードや集中力を比較する実験です。「掃除が遅い型」の人は、前頭葉にドーパミンが長く留まるため、集中力や記憶力を高く保つことができ、複雑なパズルやひらめき問題を素早く解ける傾向があることがわかりました。,「AとかけてBと解く」のお題を出された時、一瞬で「その心」を見つけ出せる名人は、もしかすると前頭葉のドーパミン濃度を高く保てる「Met型」の遺伝子を持っているかもしれません。彼らの脳内では、複数の言葉のつながりを維持するための潤沢なドーパミンが、絶えず脳をフル回転させているのです。,COMT遺伝子多型（Val158Met）と実行機能・認知柔軟性に関する研究,2000年代中盤〜現在,アデル・ダイアモンド（Adele Diamond）らの認知遺伝学研究グループなど
2.3,第1部：脳と認知のメカニズム（思考とひらめき）,第2章：遺伝学・分子生物学・生化学的アプローチ,なぞかけ習慣によるテロメア（細胞老化マーカー）短縮の抑制効果,慢性的なストレスを抱えている人と、日常的にポジティブな思考（ユーモアなど）を持っている人の血液を何年も追跡し、細胞の染色体の端にある「テロメア」の長さを測る実験です。よく笑い、知的探求心を忘れず、ストレスをうまく発散している人は、テロメアを修復する酵素（テロメラーゼ）が活性化し、テロメアが短くなるのを強力に防いでいることがわかりました。,毎日なぞかけを作って脳に新鮮な刺激を与え、秀逸なオチで笑い合う習慣。これは単なる暇つぶしではなく、ストレスホルモンを下げ、細胞レベルの老化を防ぐ、強力なアンチエイジングになる可能性を秘めているのです。「なぞかけ好きは若い」というのは、DNAのレベル（テロメアの長さ）から見ても非常に理にかなっていると言えます。,心理的ストレスと細胞老化（テロメア長とテロメラーゼ活性）に関する研究,2004年〜現在（2009年にノーベル生理学・医学賞を受賞した分野）,エリザベス・ブラックバーン（Elizabeth Blackburn）、エリッサ・エペル（Elissa Epel）らの研究グループ
2.4,第1部：脳と認知のメカニズム（思考とひらめき）,第2章：遺伝学・分子生物学・生化学的アプローチ,爆笑による血中エンドルフィン（至福物質）の分泌,人が歌ったり、踊ったり、コメディを見て大笑いしたりする前と後で血液を採取し、血液中に「エンドルフィン（脳内麻薬とも呼ばれる至福物質）」がどれくらい増えているかを測る実験です。ランナーズハイに似た状態をもたらすこの物質は、苦しい運動だけでなく、仲間と心から楽しんで大笑いした時にも血液中にドバッと分泌されることがわかりました。,最高に面白いなぞかけを聞いて、息ができないほどガハハと笑い転げた後。あなたの体内にはエンドルフィンが駆け巡り、マラソンを完走した時と同じような「多幸感（ハイな状態）」をもたらします。優れたなぞかけは、合法かつ副作用のない「至福物質のスイッチ」なのです。,社会的活動（笑い、歌、ダンス）に伴うエンドルフィン（内因性オピオイド）の活性化,2010年代〜現在,ロビン・ダンバー（Robin Dunbar）の笑いの進化研究、および近年の神経化学研究者たち
2.5,第1部：脳と認知のメカニズム（思考とひらめき）,第2章：遺伝学・分子生物学・生化学的アプローチ,汗の揮発性有機化合物（VOCs）分析,参加者の脇の下に汗を吸収するパッドを当て、「ホラー映画を見て恐怖を感じた時（ストレス）」と「コメディを見て笑った時（喜び）」の汗を採取します。その成分を比較すると、人間の汗は感情によって成分が変わり、楽しく笑っている時の「喜びの汗（Happy Sweat）」はその匂いを嗅いだ周囲の人間にまで「幸福感」を感染させることがわかりました。,無茶振りされて「全然思いつかない…」と焦っている時、あなたの体からは化学的に「ストレスの汗」が分泌されています。しかし、見事なオチを言って皆で大笑いした瞬間、体から吹き出すのは成分が切り替わった「ハッピーな汗」です。なぞかけが成功した部屋は、文字通り「幸せの化学物質」で満たされるのです。,人間の化学的シグナル伝達：喜びの感情の嗅覚的伝染（A Sniff of Happiness）,2015年,ジャスパー・デ・グルート（Jasper de Groot）、ギュン・ゼミン（Gün Semin）らの研究グループ
2.6,第1部：脳と認知のメカニズム（思考とひらめき）,第2章：遺伝学・分子生物学・生化学的アプローチ,BDNF（脳由来神経栄養因子）の遺伝的多型となぞかけ（遠隔連想）能力の関連性,健康な大学生76名を対象に、BDNFの分泌動態に直接的な影響を与える遺伝子多型「BDNF Val66Met多型（rs6265）」の判定と、創造性の指標となるタスク（複合遠隔連想課題）の成績を比較する実験が行われました。結果、中程度の難易度の問題において、BDNF分泌が低下しやすい「Met型」を持つ被験者は、正常な分泌能を持つ「非Met型」の被験者に比べて、正答を導き出すまでに有意に長い時間がかかることが分かりました。,なぞかけの「AとかけてBと解く（その心はC）」という思考は、一見無関係な言葉同士の共通点を見つけ出す「遠隔連想」と意味的推論を伴う高度な認知タスクです。このBDNFの分泌能が遺伝的に正常に保たれている状態は、脳内の意味論的ネットワークが柔軟かつ迅速に駆動しやすい生理学的基盤と関連しており、適度な難易度の連想タスクをスムーズに処理する能力を下支えしている可能性を示唆しています。,Brain-derived neurotrophic factor genetic polymorphism rs6265 and creativity（BDNF遺伝子多型rs6265と創造性）,2023年,"Hertenstein E, Kuhn M, Landmann Nら（ベルン大学精神医学領域など。学術誌『PLOS ONE』にて発表）"
2.7,第1部：脳と認知のメカニズム（思考とひらめき）,第2章：遺伝学・分子生物学・生化学的アプローチ,涙液成分の分析：認知的洞察を伴う「笑い泣き」時のタンパク質組成,「笑い泣き」を含む感情による涙の生化学的特性を明らかにする基盤として、「悲しい映画（情動性の涙）」と「タマネギの刺激（反射性の涙）」の2条件で採取した被験者の涙液成分を比較する実験が行われました。分析の結果、情動性の涙は反射性の涙に比べて、総タンパク質濃度が約24%有意に高いことが分かりました。,なぞかけのオチを理解した瞬間の「認知的洞察（アハ体験）」と、それに続く爆笑による「笑い泣き」は、高次な脳の情動処理を伴う「情動性の涙」に分類されます。なぞかけによって流れる涙も、情動的な動揺や感情の高ぶりを反映しており、タンパク質濃度が高い特異な成分プロファイルを持つと考えられます。,Effect of stimulus on the chemical composition of human tears（刺激がヒトの涙の化学組成に与える影響）,1981年,William H. Frey II ら（セントポール・ラムゼイ医療センター精神医学研究部門）
2.8,第1部：脳と認知のメカニズム（思考とひらめき）,第2章：遺伝学・分子生物学・生化学的アプローチ,オキシトシン受容体（OXTR）遺伝子多型と自己開示の傾聴を通じた向社会性の伝達,カップルの一方が過去の苦難な経験を自己開示し、もう一方がその話を傾聴するインタラクション・タスクを与え、聞き手の様子を録画しました。事前に聞き手のオキシトシン受容体（OXTR）の遺伝子多型を解析した結果、GG型（向社会性や共感性と関連が深いとされる遺伝子型）を持つ人は、他の遺伝子型の人に比べてアイコンタクトなどの親和的な非言語サインをより多く発しており、第三者からも高い向社会性を評価されることが分かりました。,他者の苦難の自己開示を傾聴することは、相手の感情を推測し、苦痛に共感を示す高度な社会的相互作用です。このコミュニケーション過程において、特定の遺伝子多型（GG型）を持つ人は他者のシグナルに対する感受性が高く、非言語的な行動を通じて自身の共感や信頼感を外部へ効果的に伝えることができ、結果としてラポール（親密な関係性）形成が促進されることが推測されます。,Oxytocin receptor (OXTR) rs53576 polymorphism in prosocial behavior,2011年,Aleksandr Kogan ら（トロント大学、カリフォルニア大学バークレー校など）
2.9,第1部：脳と認知のメカニズム（思考とひらめき）,第2章：遺伝学・分子生物学・生化学的アプローチ,なぞかけに伴う笑いが運動後の血管内皮機能と血流回復に及ぼす影響,健常な被験者に「笑いを誘う喜劇映画」と「精神的ストレスを与える映画」を見せ、上腕動脈の血流依存性血管拡張反応（FMD）を超音波検査で比較しました。ストレス映画を見た後は血流が悪化したのに対し、笑いを伴う映画を見た後は血管が有意に拡張し、血流が大きく増加しました。この笑いによる血流促進の効果が、「有酸素運動」を行った際と同等レベルであった点が特筆されます。,現代のスポーツ・健康科学において、血流の促進は重要なリカバリー要素です。なぞかけのような知的ユーモアによって生じる大笑いは、脳内でエンドルフィンの分泌を促し、結果として全身の血流が特異的に亢進します。安静に保ちながらも「有酸素運動と同等の血流改善効果」を生み出し、運動後のリカバリーを効率よく後押しするのです。,The effect of mirthful laughter on the human cardiovascular system（笑いが人間の心血管系に及ぼす影響）,2005年,マイケル・ミラー（Michael Miller）ら / メリーランド大学医学部
2.1,第1部：脳と認知のメカニズム（思考とひらめき）,第2章：遺伝学・分子生物学・生化学的アプローチ,エピジェネティクス：幼児期の言語的遊戯環境が脳内報酬系に及ぼす影響,成人および小児被験者の末梢血や口腔粘膜からDNAを採取し、脳内報酬系・神経可塑性に関わる多遺伝子群のメチル化状態（エピジェネティクス）を解析しました。客観的調査の結果、日常的に大人との双方向の会話や「なぞかけ等」の言葉遊びが豊富な環境で育った群において、ドーパミン受容体や神経可塑性関連遺伝子の感受性を高める方向へのエピジェネティックな修飾傾向および脳ネットワークの発達が認められました。,人間のユーモアや快楽への感受性、および高度な言語能力は単一の遺伝子で決まるものではありません。発達認知神経科学やエピジェネティクス研究において、なぞかけのような「双方向の言葉遊び」による持続的で良質な認知的刺激の方が、脳発達における極めて重要な環境因子として機能することが示されています。これらは報酬系ネットワークや言語野に関わる複数の遺伝子の発現制御に後天的な影響を与え、認知機能と快楽への感受性を同時に育む可能性を持っています。,幼児期の会話のターンテイキング（双方向のやり取り）が脳発達に与える影響、および初期の養育環境がドーパミン受容体（DRD4）やBDNF遺伝子群のDNAメチル化に及ぼす後天的影響に関する一連の研究,2010年代後半〜現在（例: 2018年のRomeoらの研究など）,R. R. Romeoら（マサチューセッツ工科大学 認知科学研究チーム）、およびM. H. van IJzendoornら（ライデン大学等の発達エピジェネティクス研究グループ）
3.1,第1部：脳と認知のメカニズム（思考とひらめき）,第3章：眼球運動・視覚系の生理メカニズム,文字の視覚的複雑さが眼球の停留時間に与える影響,人が文字を読むとき、目は滑らかに動いているわけではなく、「ピタッと止まる（停留）」と「サッとジャンプする（サッケード）」を繰り返しています。認知心理学の基礎研究では、文字の視覚的な複雑さや情報量が、この眼球の停留時間やジャンプの幅を規定することがわかっています。,この視覚的特性の基礎理論を日本語のフォントに応用して推測すると、線の太さが均一な「ゴシック体」はスピーディーに読ませるのに向いており、はね・とめなど視覚的に複雑な「明朝体」は視線が細かく止まりやすくなります。なぞかけの場合、ゴシック体は「テンポよくオチまで一直線に読ませる」のに適し、明朝体は「あえて視線を立ち止まらせ、言葉の裏の意味（掛詞）をじっくり考えさせる」のに適していると推論できます。さらに、明朝体の視覚的特徴がもたらすボトムアップ的な視覚処理の負荷と、掛詞を考えるトップダウン的な意味処理の相互作用（Interactive processing）が起こることで、言葉の深い味わいにつながる可能性があります。,読書時の眼球運動と情報処理に関する研究（Eye movements in reading and information processing）,1998年など（一連のレビュー論文）,キース・レイナー（Keith Rayner）などの認知心理学者
3.2,第1部：脳と認知のメカニズム（思考とひらめき）,第3章：眼球運動・視覚系の生理メカニズム,オチを推測する際の視線の空間的迷走（視線回避）,人が記憶検索や算術課題に取り組む際の目の動きを追跡した実験において、難しい答えをひねり出そうとしている時ほど、人は目の前にある物を見ず、何もない空間（虚空）を見つめて視線をさまよわせる「視線回避（Gaze Aversion）」という現象が確認されました。,このメカニズムをなぞかけに応用すると、「上手いオチを見つけよう！」と脳がフル回転している時、脳にとって「目の前の景色」などの外部からの視覚情報は邪魔になります。なぞかけのオチを探す行為は、単なる記憶の引き出しではなく、作業記憶（ワーキングメモリ）上で2つの異なる意味概念を結合・操作する極めて高度な認知的負荷（Cognitive Load）を伴うプロセスです。視線が宙を泳ぐのは、脳内のネットワークにアクセスするための負荷に対応すべく、あえて外の世界からの視覚的干渉を遮断している証拠だと考えられます。,視線をそらすことで環境から切り離し、記憶を促進する現象（Gaze Aversion）の研究,1998年,アーサー・グレンバーグ（Arthur Glenberg）らの研究グループ
3.3,第1部：脳と認知のメカニズム（思考とひらめき）,第3章：眼球運動・視覚系の生理メカニズム,ひらめき直前の急速な瞳孔散大,人が難しい洞察問題（ひらめきを要する問題）を解いた際の瞳孔（黒目）の大きさを測定した研究では、答えが「わかった！（アハ体験）」となる数ミリ秒前に、急速な瞳孔散大（Pupil Dilation）が起こることが実証されました。これは青斑核-ノルアドレナリン系（LC-NE系）の一過性の活動（Phasic activation）が関与しており、自律神経系の強い覚醒と内的注意のピークを示すサインです。,なぞかけは「言葉のパズル」と「意外なつながりへの直感」の両方を使う高度な脳トレです。ひらめきの瞬間に生じるパッと開くような顕著な瞳孔散大は、謎が解けて意味がバチッと結びついた際の、強い覚醒と神経生理学的な「快感のサイン」であると言えます。,洞察（ひらめき）問題解決時の瞳孔散大と視覚入力の遮断に関する研究、および洞察における右半球の役割の研究,2004年〜2015年頃,マーク・ビーマン（Mark Beeman）、ジョン・クーニオス（John Kounios）、カロラ・サルヴィ（Carola Salvi）らの研究グループ
3.4,第1部：脳と認知のメカニズム（思考とひらめき）,第3章：眼球運動・視覚系の生理メカニズム,周辺視（拡散的注意）の活用と柔軟な発想,遠隔連想タスク（関連性の薄い言葉同士のつながりを見つける課題）を用いた実験において、一つの点に注意を集中させるよりも、空間全体に注意を広げる「拡散的注意（Defocused Attention）」の状態にある時の方が、柔軟な発想ができ、創造的な問題解決に有利に働くことが示されました。,この知見をなぞかけの理解に応用すると、一つの言葉の意味を「これだ！」と決めつけて凝視（集中）してしまうと、別の意味（裏の意味）に気づけなくなります。なぞかけにおいて多義的な意味にアクセスし「ととのう」ためには、視野を広く持ち、言葉をぼんやりと捉えることで意味ネットワーク（Semantic Network）の拡散的活性化（Spreading activation）を促す「認知的余裕（心の余裕）」が重要だということです。,創造的な思考と拡散的注意（Defocused Attention）の関連性についての研究,2003年など,パメラ・アンスバーグ（Pamela Ansburg）らの研究グループ
3.5,第1部：脳と認知のメカニズム（思考とひらめき）,第3章：眼球運動・視覚系の生理メカニズム,発話の区切りにおけるまばたきの同期（引き込み現象）,人がスピーチ映像などを視聴している際の「まばたき」のタイミングを測定した実験において、話し手の発話の区切り（ブレイクポイント）や絶妙な間（ま）において、聞き手のまばたきがピタリと一致する（同期する）現象（Eyeblink entrainment）が確認されました。,この実証研究を踏まえると、なぞかけの披露は単なる言葉遊びではなく、演者と観客の認知リソースを同調させるコミュニケーションであると推論できます。「整いました！」という定型句やオチの直前の間が、情報処理の区切りとなるイベント境界（Event Boundary）として機能し、観客の脳内における情報のチャンキングと注意のリセットを促す強力なスイッチとなることで、会場全体の一体感（脳の引き込み現象）を生み出していると考えられます。,発話の区切りにおける聞き手のまばたきの同期（引き込み）現象の研究（Eyeblink entrainment）,2010年,中野珠実（大阪大学／情報通信研究機構）らの研究グループ
3.6,第1部：脳と認知のメカニズム（思考とひらめき）,第3章：眼球運動・視覚系の生理メカニズム,色覚刺激（背景色）がなぞかけ理解の脳波（N400成分）に与える影響,人が「意味の通らないおかしな文章」を読んだ時、脳は「あれ？」というエラー信号（N400という脳波）を出します。色と認知機能の関係を調べた研究によると、人は「赤（暖色）」を見ると警戒して論理的・分析的になり、「青（寒色）」を見るとリラックスして創造的になることがわかっています。,なぞかけのオチは、一見すると「意味が通らない言葉のジャンプ」です。これらの知見を統合すると、赤い背景でなぞかけを読んだ場合、脳が論理モードになっているため、突飛なオチに対する意味の逸脱を強く検知し、脳波（N400）の振幅が増大する（強く反応する）と予測されます。逆に青い背景だと、脳が「そういう見方もあるね」と柔軟な構え（Mental set）になっているため、意外なオチもスムーズに受け入れやすくなる可能性が示唆されます。,色が認知課題のパフォーマンスに与える影響（Color and psychological functioning）／意味的逸脱に対する脳波（N400）の基礎研究,2007年頃（色の研究）／ 1980年（N400の研究）,アンドリュー・エリオット（Andrew Elliot）らのグループ ／ マルタ・クタス（Marta Kutas）ら
3.7,第1部：脳と認知のメカニズム（思考とひらめき）,第3章：眼球運動・視覚系の生理メカニズム,読字障害（ディスレクシア）傾向者におけるなぞかけ処理の特異な認知的負荷,文字をスムーズに読むのが苦手な読字障害（ディスレクシア）の人の脳の働きをMEG（脳磁図）などで調べた研究です。文字を読む際、彼らは脳の「視覚のエリア（左半球後部）」の活動が低く、代わりに「前頭葉」や「右半球」の活動を増大させることで、非効率な文字処理を代償的に補っていることがわかっています。ディスレクシアの支配的な病態メカニズムは、文字を音に変換したり、頭の中で音韻を操作したりすることが困難になる「音韻機能障害仮説」として広く支持されています。,なぞかけの命である「掛詞（同音異義語）」は、まさに頭の中で言葉の音韻を分解・抽出・操作する高度な言語遊びです。そのため、ディスレクシアの人がなぞかけのテキストを処理する際は、文字を音に変換するデコーディングの困難さに加え、音韻操作そのものへの過大な負荷がかかります。結果として、彼らはなぞかけの理解において健常者とは異なる特異な「認知的ボトルネック」に直面すると推測され、前頭葉の過活動は、この重い負荷を必死に補おうとする脳の働きとして説明できます。,ディスレクシアにおける音韻処理と視覚的文字認識の脳内補償ネットワークのMEG・fMRI研究,1996年、2000年代初頭など,リッタ・サルメリン（Riitta Salmelin）、サリー・シェイウィッツ（Sally Shaywitz）らの研究グループ
3.8,第1部：脳と認知のメカニズム（思考とひらめき）,第3章：眼球運動・視覚系の生理メカニズム,眼精疲労時におけるなぞかけの正答率低下と毛様体筋の緊張,スマホやパソコンの見過ぎで目が疲れると、ピントを合わせる目の筋肉（毛様体筋）がガチガチに緊張します。この「視覚疲労（VDT作業による疲労）」が続くと、脳の司令塔である「前頭前野」の血流も低下し、短期記憶（ワーキングメモリ）や集中力といった認知機能そのものがガクッと落ちてしまうことが確認されています。,なぞかけを解くには、「お題」「別の意味」「オチ」という複数の情報を頭の中に一時キープしてこねくり回す力（ワーキングメモリ）が必要です。目が疲れている（毛様体筋の持続的緊張が起きている）と、その不快感や自律神経系への負荷が、前頭前野における「認知資源（Cognitive resources）」を持続的に消費し、枯渇させます。この中枢性疲労（Central fatigue）によってワーキングメモリが低下し、結果として上手い答えがまったく降りてこなくなってしまうと考えられます。,視覚疲労（VDT作業）が前頭前野の活動とワーキングメモリ（認知機能）に与える影響のNIRS／fMRI研究,2010年代にかけて（産業衛生学・人間工学分野での一連の研究）,日本などの産業工学・人間工学分野の多数の研究グループ（VDT症候群と脳機能に関する研究）
3.9,第1部：脳と認知のメカニズム（思考とひらめき）,第3章：眼球運動・視覚系の生理メカニズム,低照度環境（薄暗さ）がもたらす心理的解放とひらめき速度の差異,部屋の明るさと人間の思考の関係を調べた実験です。明るい部屋にいる時と、少し薄暗い部屋にいる時で「ひらめき問題（洞察問題）」を解かせたところ、薄暗い環境の方が、心理的な制約（周りの目や常識）から解放され、自由で創造的なアイデアが出やすくなることが分かりました。,「明るい部屋」は、間違いを探すような論理的で分析的な作業には向いています。しかし、なぞかけのような「まったく無関係なものを結びつける突飛な発想（遠隔連想）」を生み出したい時は、少し照明を落とした薄暗い環境（低照度環境）の方が、脳のリミッターが外れる心理的プライミング効果が働き、「ととのい」やすくなると推論できます。,照明の暗さが創造性と洞察的思考を高める研究（Freedom from constraints: Darkness and dim illumination promote creativity）,2013年,アンナ・シュタイドル（Anna Steidle）とリオバ・ヴェルト（Lioba Werth）
3.1,第1部：脳と認知のメカニズム（思考とひらめき）,第3章：眼球運動・視覚系の生理メカニズム,「掛詞」の二重意味処理と両眼視野闘争の類似性検証,右目には「家の画像」、左目には「顔の画像」と、全く違うものを同時に見せる実験です。すると脳は混乱し、2つの画像が混ざるのではなく「今は家！次は顔！」と交互に映像を切り替えて認識します。これを「両眼視野闘争」と呼びます。一方、言語学では「くも」のような2つの意味を持つ言葉を聞いた時、脳内で一瞬2つの意味が競合し、文脈によって片方が抑え込まれることが分かっています。,なぞかけの「掛詞」は、まさに言葉の「両眼視野闘争」です。「くも」と聞いて、頭の中で「雲」と「蜘蛛」が激しく綱引きをします。そしてオチを聞いた瞬間に、「そういうことか！」と片方のイメージが鮮明に勝ち残ります。目で見ているわけではなくても、言葉の多義性を処理する時、脳は視覚と同じような「葛藤と解決」のメカニズムを使っているのです。これら両者に共通する大脳皮質の普遍的な計算原理である「相互抑制（Mutual inhibition）」や、片方の意味だけが最終的に意識に上る「勝者総取り（Winner-take-all）ネットワーク」が、なぞかけの認知プロセスを裏から支えていると言えます。,両眼視野闘争における視覚的意識の神経メカニズム（Tongらの研究） ／ 多義語処理における意味の抑制機構（Gernsbacherらの構造構築モデル）,1998年（Tong） ／ 1990年（Gernsbacher）,フランク・トング（Frank Tong）らのグループ（視覚） ／ モートン・アン・ガーンスバッハー（Morton Ann Gernsbacher）（言語心理学）
4.1,第2部：自律神経と身体的反応（緊張と緩和）,第4章：自律神経系・心血管系へのアプローチ,心拍変動（HRV）による交感神経・副交感神経の推移,被験者に頭を使うパズルやストレスのかかる作業をしてもらいながら、心電図で心拍のゆらぎ（心拍変動＝HRV）を測定しました。すると、人間は「考えている最中」は交感神経（アクセル）が優位になって緊張状態になり、問題が解けて「わかった！」と閃いた瞬間に交感神経の興奮がピークに達し、その直後、謎が解けた安心感と笑いとともに副交感神経（ブレーキ）が強く働いて深いリラックス状態へと切り替わることが分かりました。,「〇〇とかけて…」とお題を出されて一生懸命オチを考えている時、あなたの体は一種の「戦闘状態（交感神経優位）」にあります。そして「なるほど！」と閃いた瞬間に交感神経の興奮がピークに達し、その直後、謎が解けた安心感と笑いとともに副交感神経（ブレーキ）が強く働いて深いリラックス状態へと切り替わります。このジェットコースターのような落差が、心地よさを生むのです。,認知・情動処理に伴う自律神経活動の動態に関する基礎研究,広く確立された知見,多数の精神生理学研究に基づく
4.2,第2部：自律神経と身体的反応（緊張と緩和）,第4章：自律神経系・心血管系へのアプローチ,ひらめき直前の瞳孔散大反射（Pupillometry）,被験者に「ひらめき」を必要とするクイズを出題し、その間の目の動きや瞳の開き具合（瞳孔径）をアイトラッカーという高性能なカメラで追跡しました。すると、被験者が「わかった！」とボタンを押す数秒前から、無意識のうちにスッと瞳孔が大きく開く（散大する）現象が確認されました。,なぞかけを聞いて「どういう意味だろう？」と考えている最中、脳内でAとBを繋ぐ「掛詞（オチ）」のパズルがカチッとはまった瞬間、ノルアドレナリンという物質が分泌されます。本人が「あ、わかった！」と声に出すよりも先に、目は驚きと興奮でわずかに見開かれているのです。,洞察的課題解決における瞳孔散大の測定研究,2020年,キャロラ・サルヴィ（ノースウェスタン大学）ら
4.3,第2部：自律神経と身体的反応（緊張と緩和）,第4章：自律神経系・心血管系へのアプローチ,なぞかけによる笑いと一過性の血圧低下,被験者に「コメディ映画（笑える映像）」と「ドキュメンタリー（ストレスを感じる映像）」を見せ、血管の働きと血圧を測定しました。すると、大笑いした後は、血管の内側（内皮）の働きが良くなって血管がフワッと拡張し、一時的に血圧が下がり、血流がスムーズになる（運動をした後と同じような良い効果がある）ことが分かりました。,見事ななぞかけを聞いて「うまい！ハハハ！」と笑う時、体の中では血管が健康的に広がり、緊張がほぐれています。優れたなぞかけは、脳に知的な快感を与えるだけでなく、物理的に血管をマッサージして血圧を安定させる「クスリ」のような効果を持っていると言えます。,笑いが血管内皮機能と血圧に与える影響に関する研究,2005年,マイケル・ミラー（メリーランド大学）ら
4.4,第2部：自律神経と身体的反応（緊張と緩和）,第4章：自律神経系・心血管系へのアプローチ,皮膚コンダクタンス（発汗）から見る覚醒度,指先に微弱な電気を流すセンサーを取り付け、感情が動いた時に生じる「目に見えないほどの微量の汗（精神性発汗）」を測定しました。人が強い感情を抱いた時や興奮した時、指先の汗腺が反応して電気の通りやすさ（皮膚コンダクタンス）がピコンと跳ね上がることが分かりました。,なぞかけのオチを考えている時、「もう少しで分かりそう！」というハラハラした状態から、見事に解けた瞬間の「スッキリ！」という興奮状態に至るまで、あなたの指先は微量な汗をかき続けています。この発汗の波を測ることで、そのなぞかけがどれだけ人の心を「揺さぶったか（感情的に覚醒させたか）」を数値化できるのです。,感情的覚醒（Arousal）と精神性発汗に関する一般的な精神生理学の基礎研究,広く確立された知見,多数の精神生理学研究に基づく
4.5,第2部：自律神経と身体的反応（緊張と緩和）,第4章：自律神経系・心血管系へのアプローチ,「オチ待ち」の呼吸停止と同調,劇場で演劇やパフォーマンスを見ている数十人の観客にセンサーを着け、心拍や呼吸のタイミングを測定しました。すると、物語がクライマックスに達する緊張の瞬間、見ず知らずの観客同士の「呼吸のペース」や「心拍の波」が無意識にピタリと一致（同調＝エントレインメント）することが分かりました。,演芸場でプロが「その心は……」とタメを作った瞬間、客席の数百人は無意識に息を呑み（呼吸を止め）、次の言葉を待ち構えます。そしてオチを聞いた瞬間、全員がドッと笑い、同時に息を吐き出します。なぞかけは単なる言葉遊びではなく、空間にいる全員の「呼吸を一つにまとめる」という、強力なライブパフォーマンスの力を持っているのです。,ライブパフォーマンスにおける観客の生理的同調（心拍・呼吸のエントレインメント）研究,2017年,ダニエル・リチャードソン（ユニバーシティ・カレッジ・ロンドン）ら
4.6,第2部：自律神経と身体的反応（緊張と緩和）,第4章：自律神経系・心血管系へのアプローチ,解答後のスッキリ感と深呼吸の誘発,被験者に難しい課題（暗算など）に取り組んでもらい、その間の呼吸のパターンを測定しました。すると、人間は緊張したり集中したりしている時は呼吸が浅く不規則になり、課題が終わって「ホッとした瞬間」に、無意識に大きな「ため息（深呼吸）」をつくことが分かりました。この深呼吸は、肺の空気を入れ替えるだけでなく、緊張した自律神経をリセットする「物理的なスイッチ」として機能しています。,オチを聞いて「あー、なるほど！」と腑に落ちた瞬間、思わず「はぁー」と感嘆の息が漏れますよね。なぞかけのオチを理解した瞬間のスッキリ感は、脳内の緊張状態を解き放ち、無意識の深い呼吸（ため息）を誘発して、心身を瞬時にリセットしてくれているのです。,ため息による生理的・心理的リセット機能に関する研究,2010年,エルケ・ヴレミンクス（ルーヴェン大学）ら
4.7,第2部：自律神経と身体的反応（緊張と緩和）,第4章：自律神経系・心血管系へのアプローチ,オチの意外性と定位反射（認知的驚き）,未知の情報や予期せぬ出来事（認知的驚き）に直面した際の心拍数や自律神経の反応を測定しました。すると人間は、新しい情報に対して「それは何だ？」と注意を向ける際、情報収集のために一時的に心拍がわずかに減速する「定位反射」と呼ばれる反応や、急性の覚醒状態（自律神経の反応）を示すことが分かりました。,「その心は？」の後に、自分の想像を遥かに超える見事な「掛詞（オチ）」が飛んできた時。脳は一瞬「えっ！？」と心地よいパニックを起こします。この知的な「不意打ち」によって、脳は新しい情報を処理しようと定位反射（注意の集中）や急激な覚醒を起こし、その直後に「面白い！」という笑いへと変換されることで、より大きな快感を生み出します。,驚き（Surprise）と自律神経反応・定位反射に関する精神生理学的研究,広く確立された知見,多数の認知・精神生理学研究に基づく
4.8,第2部：自律神経と身体的反応（緊張と緩和）,第4章：自律神経系・心血管系へのアプローチ,連続聴取による血管内皮機能の改善,被験者に「お笑い番組（コメディ）」を約30分間見てもらい、その前後の血管の硬さを超音波などで測定しました。すると、笑い続けている間、ストレスホルモンが減少し、血管を柔らかく広げる物質（一酸化窒素など）が分泌され、まるで「軽い有酸素運動」をした後のように血管の機能が大きく改善することが分かりました。,名人のなぞかけを連続して聞き、「うまい！」「なるほど！」と感心して笑い続けることは、実は極めて健康的な行為です。脳が連続してアハ体験と笑いを処理することで、体の中では血管が柔らかく拡張し、血流が全身をスムーズに巡る「血管のストレッチ」が行われています。,陽気な笑い（Mirthful laughter）が血管内皮機能や動脈スティフネスに与える影響の研究,2010年,菅原順（産業技術総合研究所 / テキサス大学）ら
4.9,第2部：自律神経と身体的反応（緊張と緩和）,第4章：自律神経系・心血管系へのアプローチ,末梢皮膚温の上昇とリラックス効果,サーモグラフィ（温度カメラ）や指先の温度計を使い、人がストレスを感じている時と、心からリラックスしている時の「皮膚の表面温度」を測定しました。人間は緊張すると、戦う準備のために血液が体の中心（心臓など）に集まり手足が冷たくなりますが、リラックスして安心すると、緊張をもたらす交感神経の働きがスッと引いていき、末梢の毛細血管が自然に緩んで開くことで、指先まで温かくなることが分かりました。,なぞかけのセッションが始まり、最初は「解けるかな」と少し手足が冷たくなっていたとしても、何度か見事なオチを聞いて笑い合っているうちに、リラックス反応がしっかりと働き始めます。緊張をもたらす交感神経の働きがスッと引いていくことで、末梢の毛細血管が緩んで開き、実際に「指先がポカポカしてくる」という目に見える形でのリラックス効果が現れます。,バイオフィードバックと末梢皮膚温の上昇（リラックス反応）に関する実証研究,1970年代,エルマー・グリーン（メニンガー財団）ら
4.1,第2部：自律神経と身体的反応（緊張と緩和）,第4章：自律神経系・心血管系へのアプローチ,未解決の不調和が引き起こす認知的フラストレーション,ユーモアの仕組みを調べる研究において、オチによって意味が通じるジョークと、筋道が通らず解決しないジョークに対する心理的反応を比較しました。きちんと意味が繋がるジョークでは「不調和の解決（スッキリ感）」が得られますが、オチが通じない場合、脳が「意味を見つけよう」と空回りを続け、フラストレーション（心理的なモヤモヤ感や軽いストレス）が生じることが分かりました。,「AとかけてBと解く…」と期待を持たされたのに、オチの掛詞が強引すぎたり、知識不足で全く意味が分からなかったりした時（いわゆる「スベった」状態）。私たちの脳は「スッキリ（アハ体験）」という報酬をもらえず、「え、どういうこと？」と宙ぶらりんの状態に置かれます。このように「意味を見つけようとする認知プロセス」が解決に至らない未解決の不調和が、あの独特のモヤモヤした認知的フラストレーションの正体なのです。,ユーモアの「不調和解明理論（Incongruity-Resolution Theory）」に関する一般的な知見,広く確立された知見,多数のユーモア・認知心理学研究に基づく
5.1,第2部：自律神経と身体的反応（緊張と緩和）,第5章：内分泌系・免疫系へのアプローチ,唾液中コルチゾールの減少,被験者にコメディ番組を約1時間見てもらい、その前後の血液や唾液を採取しました。すると、人間が笑って楽しんでいる間、ストレスを感じた時に分泌される「コルチゾール」というホルモンが劇的に減少することが分かりました。,仕事や人間関係で疲れている時、なぞかけを聞いて「うまい！」「アハハ！」と笑う行為は、単なる気分転換ではありません。あなたの体の中で、実際にストレスに対抗するために分泌されていたホルモンが減少し、過緊張だった自律神経と内分泌系が物理的に「休息・回復モード」へとリセットされている状態を作り出しているのです。,笑いが神経内分泌ホルモン（ストレスホルモン）に与える影響の研究,1989年,リー・バーク、スタンリー・タン（ロマリンダ大学）ら
5.2,第2部：自律神経と身体的反応（緊張と緩和）,第5章：内分泌系・免疫系へのアプローチ,唾液中IgA（免疫グロブリンA）の増加,ユーモアたっぷりのビデオを見るグループと、ただ静かに座っているグループに分け、それぞれの唾液を採取しました。すると、笑いを楽しんだグループは、口や鼻の粘膜でウイルスを撃退する「IgA（免疫グロブリンA）」という抗体の濃度が即座にポンッと跳ね上がることが分かりました。,なぞかけで「なるほど！」と感心し、クスッと笑うだけで、あなたの口の中では「風邪やウイルスと戦う防衛軍」が急増員されます。つまり、なぞかけを楽しむことは、私たちに生まれつき備わっている防衛システム（粘膜免疫）を活性化させる、手軽でポジティブな健康習慣と言えます。,ユーモアのビデオ視聴による唾液中IgAの増加に関する研究,1985年,キャスリーン・ディロン（ウェスタン・ニューイングランド大学）ら
5.3,第2部：自律神経と身体的反応（緊張と緩和）,第5章：内分泌系・免疫系へのアプローチ,なぞかけの掛け合いとオキシトシン分泌,他者を信頼して協力する投資ゲーム（経済的取引）などを行わせた際の血液を調べました。すると、人間同士が心を通わせ、相手を信頼して協力行動をとった直後には、「オキシトシン（別名：絆ホルモン、幸せホルモン）」という物質が多く分泌され、相手への信頼感や親密さが増すことが分かりました。,「ちょっと私にもお題出して！」「おお、そのオチいいね！」と、複数人でなぞかけを出し合うコミュニケーション。これは単なる言葉遊びの枠を超え、お互いの脳内でオキシトシンを分泌させ合う「社会的グルーミング（絆を深める行為）」として機能し、人間関係を円滑にしてくれます。,社会的交流とオキシトシン分泌・信頼関係に関する実証研究,2005年,ポール・ザック（クレアモント大学院大学）ら
5.4,第2部：自律神経と身体的反応（緊張と緩和）,第5章：内分泌系・免疫系へのアプローチ,バトル形式時のアドレナリン変動,知的なクイズ対決や、プレッシャーのかかる暗算テストなど、「競争的で精神的な負荷」がかかる課題中の尿や血液を調べました。すると、人間は「勝たなきゃ！」「早く答えを出さなきゃ！」という状況下で、戦いのホルモンであるアドレナリン（カテコールアミン）を分泌し、心身を活発な状態にすることが分かりました。,大喜利のような「なぞかけ対決」の場に立つと、「相手より早く、面白いオチを言わなければ」というプレッシャーがかかります。この時、競技者の体内ではアドレナリンが身体を戦闘モードにし、同時に脳内では「ノルアドレナリン」が分泌されます。この「適度なプレッシャー」が脳の覚醒度を最適なピーク状態（ゾーン）へと引き上げ、普段なら思いつかないような言葉の結びつき（掛詞）を瞬時に引き出しやすくするのです。,精神的負荷および競争的課題とカテコールアミン（アドレナリン）分泌に関する研究,1970年代〜1980年代,マリアンヌ・フランケンホイザー（ストックホルム大学）ら
5.5,第2部：自律神経と身体的反応（緊張と緩和）,第5章：内分泌系・免疫系へのアプローチ,NK（ナチュラルキラー）細胞の活性化,がん細胞などを退治する「NK細胞」の働きが低下している人たちに、お笑いライブ（吉本新喜劇や落語）を3時間見てもらい、その前後で血液検査をしました。すると、大笑いした後は、下がっていたNK細胞の活性度が正常範囲まで急激に上昇（回復）し、笑が直接的に免疫力を底上げすることが実証されました。,落語家さんや芸人さんの見事ななぞかけを聞いて、お腹を抱えて大笑いする。その瞬間、あなたの体内では「がん細胞やウイルスに感染した細胞」を見つけて攻撃するNK細胞が猛烈に元気になっています。優れたなぞかけは、脳に快感を与えるだけでなく、心身の防衛軍（自然免疫）を内側から強力にサポートする「副作用のない良薬」と言えるでしょう。,笑いによるNK（ナチュラルキラー）細胞活性化の検証（通称：吉本新喜劇実験）,1994年,伊丹仁朗（すばるクリニック）、村上和雄（筑波大学）ら
5.6,第2部：自律神経と身体的反応（緊張と緩和）,第5章：内分泌系・免疫系へのアプローチ,ひらめきの達成感とテストステロン,チェスやテニスの試合といった「知的な競争や他者との対決」の前後で、参加者の唾液からテストステロン（意欲や自信を高めるホルモン）の量を測定しました。すると、他者との競争に勝利したり、社会的地位（ステータス）を獲得したりした人は、その優越感や達成感からテストステロンの値が上昇し、さらに「次もやってやろう！」という前向きなエネルギーが湧いてくる（勝者効果）ことが分かりました。,大喜利や飲み会などの「なぞかけ対決」で、誰よりも早く見事なオチを言って周囲を唸らせた（仮想的な競争に勝った）時。あなたの脳内では「社会的評価を得た！」という優越感とともにテストステロンが微増しています。なぞかけは、複数人の場で手軽に「小さな勝利と称賛」を味わい、自信と活力をチャージできる知的なスポーツなのです。,チェスなどの知的競技における勝敗（達成感とステータス）とテストステロン変動に関する研究（Biosocial Model of Status）,1992年,アラン・マズール（シラキュース大学）ら
5.7,第2部：自律神経と身体的反応（緊張と緩和）,第5章：内分泌系・免疫系へのアプローチ,セロトニン分泌と「面白さ」の感受性,食事のコントロールによって、被験者の脳内の「セロトニン（精神を安定させる幸せホルモン）」を意図的に減らした状態を作り出しました。すると、セロトニンが少ない状態の人は、ポジティブなこと（ユーモアや笑顔）に対する反応が鈍くなり、逆にネガティブなことには過敏に反応しやすくなることが分かりました。,同じ名作なぞかけを聞いても、心身がリラックスしてセロトニンが十分に出ている時は「うまい！アハハ！」と素直に笑えます。しかし、ストレスでセロトニンが枯渇していると「…で？」と面白さをキャッチできません。つまり、なぞかけで心地よく笑えるかどうかは、今のあなたの「心の余裕（セロトニン・レベル）」を測るバロメーターにもなるのです。,トリプトファン枯渇（セロトニン低下）が情動処理とユーモア・ポジティブ刺激の感受性に与える影響の研究,2000年代初頭,キャサリン・ハーマー（オックスフォード大学）ら
5.8,第2部：自律神経と身体的反応（緊張と緩和）,第5章：内分泌系・免疫系へのアプローチ,食後のなぞかけと血糖値スパイクの抑制,糖尿病の患者さんに、ある日は「食後に単調な講義」を聞いてもらい、別の日には「食後にお笑い（吉本新喜劇）」を大笑いしながら見てもらい、それぞれの食後血糖値を測りました。すると、講義の日は血糖値が急上昇（スパイク）したのに対し、お笑いを見て笑った日は、血糖値の上昇が大幅に抑えられていることが分かりました。笑うことで過剰な交感神経の緊張が解け、血糖値を上げるストレスホルモンの働きが抑えられるとともに、血糖値を下げる遺伝子のスイッチが入ったためと考えられています。,「ご飯を食べた後になぞかけ番組を見て大笑いする」というのは、楽しく手軽に取り入れられる、優れた健康習慣の一つです。食後、家族や友人と「Aとかけて…」と言い合いながら笑い転げることで、体の中では血糖値の急上昇が抑えられ、血管へのダメージを防いでくれているのです。,笑いによる食後血糖値上昇の抑制効果と遺伝子発現の変化に関する研究,2003年,村上和雄、林啓吾（筑波大学）ら
5.9,第2部：自律神経と身体的反応（緊張と緩和）,第5章：内分泌系・免疫系へのアプローチ,エンドルフィン分泌による鎮痛効果,被験者に「氷水に手を入れる」「血圧計で腕を強く締め付ける」といった痛みを与え、どれくらい耐えられるか（痛覚閾値）を測りました。その後、コメディ映像を見て「声を出して笑ったグループ」と、ドキュメンタリーを見て「笑わなかったグループ」で再度テストしたところ、大笑いしたグループは痛みに耐えられる時間が劇的に伸びました。笑い（特に横隔膜などを使った発声）によって脳内麻薬である「エンドルフィン」が分泌され、強力な鎮痛剤として働いたためです。,頭痛や肩こりなどで少し体が辛い時、家族や友人と一緒に秀逸ななぞかけを聞いて「アハハ！」と声を出して笑い合うと、実際に痛みがスッと和らぐことがあります。なぞかけを通じた「他者との知的な共有＋声を出した笑い」のコンボは、脳の薬箱からエンドルフィンを引き出し、副作用のない痛み止めとしてあなたを癒やしてくれます。,社会的な笑いが痛覚閾値（痛みへの耐性）を上昇させるエンドルフィン効果の実証研究,2011年,ロビン・ダンバー（オックスフォード大学）ら
5.1,第2部：自律神経と身体的反応（緊張と緩和）,第5章：内分泌系・免疫系へのアプローチ,就寝前のなぞかけとメラトニンの環境整備,寝る前に「頭を激しく使う作業（認知覚醒）」をするグループと、「軽く笑ってリラックスする映像」を見るグループで、睡眠の質とホルモン分泌を比較しました。寝る前に必死に考えすぎると交感神経が優位になり、睡眠を促すホルモン（メラトニン）の働きが邪魔されてしまいます。しかし「軽い笑い」でストレスホルモン（コルチゾール）を下げて自律神経をリラックスさせておくと、メラトニンが本来の働きを発揮できる環境が整い、深い眠りへとスムーズに移行できることが分かりました。,寝る前のなぞかけには「さじ加減」が重要です。絶対に解いてやる！と眉間にシワを寄せて考えると、脳が過覚醒を起こして眠れなくなります。しかし、落語やラジオなどでプロのなぞかけを「へぇ〜、うまいねぇ」とクスッと笑いながら聞く程度であれば、一日のストレス（交感神経の緊張）がリセットされ、メラトニンが心地よい眠りへと誘ってくれる極上の入眠儀式になります。,就寝前の認知覚醒とリラクゼーション（笑い）が睡眠ホルモンと睡眠の質に与える影響の研究,1990年代〜2010年代（認知覚醒モデルと笑い療法の疫学研究として広く確立）,アーサー・スピールマン（ニューヨーク市立大学）らの認知覚醒研究、および大平哲也（福島県立医科大学）らの笑いと睡眠研究など
6.1,第2部：自律神経と身体的反応（緊張と緩和）,第6章：呼吸器系・発声器官の微細生理へのアプローチ,PETやfMRIによる脳のエネルギー消費と活動パターンの解析,人がPET（陽電子放出断層撮影）やfMRIという特殊な脳スキャナーに入り、「ただボーッとしている安静時」と「難しい数学やパズルを必死に解いている時」とで、脳のエネルギー消費量や活動パターンがどう変化するかを測る実験です。脳は体重の2%ほどの重さしかないのに、体全体のエネルギーの約20%を消費する「大食い臓器」です。しかし驚くべきことに、脳は「ただボーッとしている時」にこそ莫大なエネルギーを消費してネットワークを維持しており（デフォルトモードネットワーク）、必死に頭を使っているタスク時でも、追加で消費されるエネルギーは安静時のベースラインからわずか数％未満しか増加しないことがわかりました。,「えーっと、AとBの共通点は…」とお題から必死に答えを探している時。脳が急激にカロリーを激しく燃やし始めているわけではありません。脳はただボーッとしている時でも、いつでも最高のひらめき（オチ）を生み出せるように、常に莫大なガソリンを燃やしてアイドリング待機をしています。なぞかけのお題が出た瞬間、あなたの脳内ではそのアイドリング状態から特定の推論ネットワークへと、エネルギーのギアがシームレスかつ鮮やかに切り替わっているのです。,デフォルトモードネットワーク（DMN）および認知課題に伴う脳のエネルギー代謝研究,1980年代〜現在,マーカス・レイクル（Marcus Raichle）らの脳エネルギー代謝研究グループ
6.2,第2部：自律神経と身体的反応（緊張と緩和）,第6章：呼吸器系・発声器官の微細生理へのアプローチ,「整いました」発声時の声帯振動のハイスピードカメラ解析,喉の奥に内視鏡（特殊なカメラ）を入れ、人が「自信を持って堂々と話す時」と「自信なげに話す時」の、喉仏の中にある「声帯（声を出す2枚のひだ）」の震え方を1秒間に数千コマというハイスピードで撮影する実験です。自信に満ちた声を出す時、声帯は左右対称に、ピタッ、ピタッと力強く隙間なく閉じ、美しい波（粘膜波動：Mucosal wave）を打ちます。逆に迷いや自信のなさがある時は、声帯の閉じ方が甘くなり、隙間から空気が漏れて振動が不規則になることが視覚的に確認されました。,最高のオチを思いつき、いざ発表する「整いました！」。この時、発言者の声帯は完璧なコントロール下で力強くピタッと合わさり、張りのあるクリアな声を響かせます。聞き手は、その「声帯の完璧な振動」を無意識に耳で捉え、「おお、これは期待できそうだ」と感じ取るのです。,発声のバイオメカニクスと感情・発話態度による声帯振動（HSDI）解析,1990年代〜2000年代,インゴ・ティーツェ（Ingo Titze：音声学・発声バイオメカニクスの世界的権威）らの研究
6.3,第2部：自律神経と身体的反応（緊張と緩和）,第6章：呼吸器系・発声器官の微細生理へのアプローチ,なぞかけ中の無呼吸（Apnea）と生理的覚醒,パソコンで難しいメールを返信したり、複雑な作業に没頭したりしている時の、人の「呼吸の深さ」や「心拍数」をセンサーで測る実験です。人は極度に集中すると、無意識のうちに呼吸が極端に浅くなったり、数秒〜十数秒間も完全に息を止めてしまったりする（スクリーン無呼吸現象と呼ばれる）ことがわかりました。呼吸を一時的に止めることで交感神経が刺激され、心拍数が上がることがあります。,「その心は？」と言われた後のタメの時間。聞き手は「なんだろう？」と脳を極限まで集中させるため、無意識に呼吸を止め、体を硬直させます。余計な体の動き（呼吸のノイズ）を止めて、答えを導き出すことに全エネルギーを注ごうとする、自律神経系の本能的なシステム（定位反射）なのです。,精神的集中・認知負荷に伴う呼吸停止（Screen Apnea / Email Apnea）と生理的覚醒,2008年（概念提唱）〜現在,リンダ・ストーン（Linda Stone）の提唱、および精神生理学（注意と呼吸の連動）の研究者たち
6.4,第2部：自律神経と身体的反応（緊張と緩和）,第6章：呼吸器系・発声器官の微細生理へのアプローチ,オチを言う直前の喉頭隆起（のどぼとけ）の微小運動,人が「これから声を出すぞ」という直前の喉の筋肉の動きを、エコー（超音波画像）や首に貼った筋肉のセンサー（筋電図）で観察する実験です。人が実際に声を出す数十〜数百ミリ秒（1秒未満）前に、すでに喉の周りの筋肉が動き出し、のどぼとけが微かに上下したり、唾を飲み込んで気道をクリアにしたりする「発声準備姿勢（プレ・フォネーション）」が起きていることがわかりました。,「〇〇とかけて、〇〇と解く」と前振りをした後、いよいよオチを言う直前。一瞬の静寂の中で、発言者ののどぼとけは密かに微細な動きを見せています。これは、頭の中で思い描いている「オチのフレーズ」を正確な声のトーンで放つために、喉が筋肉のチューニング（ピント合わせ）を行っている証拠なのです。,発声開始前の喉頭筋の予備的活動（Pre-phonatory laryngeal adjustments）と超音波・筋電図解析,1970年代〜最近の超音波音声学まで,平野実（Minoru Hirano：日本の世界的音声外科・生理学者）、または近年の調音音声学研究グループ
6.5,第2部：自律神経と身体的反応（緊張と緩和）,第6章：呼吸器系・発声器官の微細生理へのアプローチ,笑いの種類（クスッ、ガハハ）による呼気流速の違い,肺活量や息を吐き出すスピードを測る機械（スパイロメーター）を口にくわえたまま、様々なレベルのコメディ映像を見て笑ってもらい、「笑いの大きさ」によって息の吐き方がどう変わるかを計測する実験です。「クスッ（微笑み）」レベルでは普通の呼吸に毛が生えた程度の空気しか動きませんが、「ガハハ！（大爆笑）」レベルになると、1秒間に数リットルという、咳払い並みの凄まじいスピードと量で肺の空気が連続して絞り出される（呼気流速のスパイク）ことがわかりました。,オチを聞いて「なるほど（クスッ）」と思った時は、小波のような息が漏れるだけです。しかし、予想を遥かに超える見事なオチで「上手い！ガハハ！」と大ウケした瞬間、あなたの肺からは台風のような突風が吹き荒れます。優れたなぞかけは、肺の底に溜まった古い空気を一気に外へ追い出す、強力な換気装置なのです。,笑いにおける呼吸動態の解析（Respiratory dynamics during laughter）,2001年,ハリー・フィリペッリ（Harry Filippelli）らの呼吸生理学研究グループ
6.6,第2部：自律神経と身体的反応（緊張と緩和）,第6章：呼吸器系・発声器官の微細生理へのアプローチ,なぞかけ習慣による横隔膜のストレッチ効果と呼吸機能の改善,健康な人に、コメディ映像を見せたり「笑いヨガ」のような活動を数週間〜数ヶ月続けてもらい、その前後の胸郭の動きや息を吐き出す力（横隔膜の柔軟性）を測定する実験です。「声を上げて笑う」という行為は、ランニングなどの有酸素運動と同じように呼吸筋（横隔膜や腹筋群）を激しく収縮させます。これを習慣化することで、胸郭や呼吸筋の柔軟性が増し、一度に深く吐き出せる息の勢いや量（一回換気量や換気効率）が向上することがわかりました。,優秀ななぞかけを日常的に聞き、その度に「ガハハ！」と声を上げて笑うことは、実は優れた「内臓の筋トレ（インナーマッスル・トレーニング）」になっています。なぞかけを楽しむ習慣は、呼吸を深くし、体を疲れにくくする効果があるのです。,笑い（Gelotology：笑い学）による呼吸機能および換気効率改善に関する研究,1990年代後半〜2000年代,マダン・カタリア（Madan Kataria：笑いヨガの創始者）の実践研究や、近年の笑いに関する生理学・リハビリテーション研究
6.7,第2部：自律神経と身体的反応（緊張と緩和）,第6章：呼吸器系・発声器官の微細生理へのアプローチ,鼻呼吸と口呼吸における謎解きパフォーマンスの差異,人に「鼻だけで呼吸する状態」と「口だけで呼吸する状態」で、パズルや記憶力のテストなどの認知課題を行わせ、その際の脳の活動を脳波（頭蓋内脳波：iEEG）で精密に計測・比較する実験です。「鼻から息を吸う」ときだけ、脳の記憶を司る「海馬」や感情を司る「扁桃体」の脳波が呼吸のリズムと完全に同期し、情報処理のスピードや記憶の呼び起こしが圧倒的に速くなることがわかりました（口呼吸ではこの現象は起きません）。,なぞかけのお題を出されて「うーん」と考えている時、口を開けてボーッと呼吸しているよりも、口を閉じて鼻からスースーと息を吸っている時の方が、脳内の「言葉の引き出し（記憶）」に高速でアクセスでき、鋭いオチをひらめきやすくなります。,鼻呼吸による大脳辺縁系（海馬・扁桃体）の脳波同期と認知機能の向上,2016年,クリスティーナ・ゼラノ（Christina Zelano）らの研究グループ（ノースウェスタン大学）
6.8,第2部：自律神経と身体的反応（緊張と緩和）,第6章：呼吸器系・発声器官の微細生理へのアプローチ,オチへの期待感と気管支平滑筋の緊張（気道抵抗の上昇）,人に「これから面白いビデオを見せますよ」と期待させたり、ポジティブな感情を抱かせたりした状態で、気道の抵抗（息の通りやすさ）を特殊な機器で測定する実験です。ワクワク感や大笑いの予感といった「覚醒度」の高いポジティブな感情は、リラックス状態になるのではなく、実は迷走神経反射などを介して気道抵抗を上昇させ（気管支をキュッと狭くし）、呼吸器系を緊張させることがわかりました。,出題者が「その心は？」と言ってタメを作った瞬間。聞き手は「どんな面白い答えが来るんだろう！」と期待に胸を膨らませます。このワクワクする期待感は、自律神経の覚醒度を一気に高め、気管支をあえてキュッと引き締めます。これは、次にやってくる大爆笑という『嵐（激しい換気）』に備えて、呼吸器系が瞬時に戦闘態勢（テンション）を高めている本能的な反応なのです。,感情状態と覚醒度が気道抵抗および呼吸器系に与える影響,2001年など,トーマス・リッツ（Thomas Ritz）らの心身医学・呼吸器研究グループ
6.9,第2部：自律神経と身体的反応（緊張と緩和）,第6章：呼吸器系・発声器官の微細生理へのアプローチ,聴衆の「息を呑む（Gasp）」と「ため息（Sigh）」の連続反射,人が心理的に「ハッと驚くような事態」に直面し、その後「安心・解決」した際の呼吸パターンを、気流センサーで細かく計測する実験です。人間は予測モデルが破壊されるような「予想外の事態」に直面すると、自律神経の反射として瞬間的に鋭く短い息を吸い込みます（Gasp：息を呑む）。そして、その事態が解決・理解できて安心すると、今度は深く長い「ため息（Sigh）」をついて、心理的・生理的な状態をリセットすることがわかりました。,誰も予想できなかった斜め上の鮮やかなオチを聞いた瞬間、聴衆は驚いて「ハッ（Gasp）」と息を呑みます。そして、見事なダブルミーニングを理解した直後に「ああ〜（Sigh）」と深く長いため息をつきます。予測モデルの破壊による『驚愕』からの、不調和の解決に伴う『安堵・リセット』というこの呼吸の連続コンボこそが、人間の脳がなぞかけを真に理解したことを示す完璧な生理学的サインなのです。,感情的移行と呼吸パターン（GaspやSigh：ため息）の生理学的・心理学的リセット機能の研究,2010年代〜2015年頃,エルケ・ヴレミンクス（Elke Vlemincx）らの研究グループ
6.1,第2部：自律神経と身体的反応（緊張と緩和）,第6章：呼吸器系・発声器官の微細生理へのアプローチ,謎解き中のあくび（脳の冷却・覚醒作用）の発生頻度,人に非常に難解なパズルや記憶タスクをやらせて脳に負荷をかけ、その際の「脳の温度」と「あくびが出るタイミング」を計測し、あくびの前後で覚醒度（集中力）がどう変わるかを調べる実験です。脳はパソコンのCPUと同じで、フル回転させると熱を持ちます。「あくび」は退屈な時だけでなく、脳がオーバーヒート気味になった時に、冷たい外気を一気に吸い込んで脳の血管を冷やし（ラジエーター機能）、再び集中力（覚醒度）を取り戻すために発生することがわかりました。,なかなか答えが思いつかない難しいなぞかけを考えている最中に「ふわぁ〜」とあくびが出たとしたら、それは決して退屈しているわけではありません。あなたの脳がなぞかけを解こうとして熱暴走ギリギリまでフル稼働しており、必死に脳内を冷却して集中力を保とうとしている「本気の証拠」なのです。,あくびの脳冷却仮説（Brain cooling hypothesis of yawning）,2007年〜現在,アンドリュー・ギャラップ（Andrew Gallup）らの進化心理学・生理学研究グループ
7.1,第2部：自律神経と身体的反応（緊張と緩和）,第7章：消化器系・腸内環境・代謝系へのアプローチ,脳腸相関：なぞかけのスッキリ感が引き起こす腸管蠕動の亢進,人がリラックスしたり、ポジティブな感情を抱いたりしたときの胃腸の動きを、腹部エコー（超音波）やMRIでリアルタイムに観察し、同時に脳から内臓へ伸びる「迷走神経」の活動を測る実験です。脳が安心感や快感（スッキリ感）を得ると、副交感神経の代表である「迷走神経」がオンになります。すると、胃や腸の筋肉が活発に動き出し、消化物を先へ先へと送り出す「蠕動（ぜんどう）運動」が一気にスピードアップすることがわかりました。,なぞかけのオチが見事に決まり、「あー、なるほど！」とスッキリした瞬間。あなたの脳内で起きた快感のスパイクは、太い迷走神経のケーブルを通って即座に胃腸へ伝わります。優れたなぞかけは、停滞していた腸の動きを再起動させるスイッチになるのです。,感情・ストレスと脳腸相関（Brain-Gut Axis）における迷走神経の役割,1990年代〜2000年代,エメラン・メイヤー（Emeran Mayer）らの脳腸相関研究グループ（UCLA）
7.2,第2部：自律神経と身体的反応（緊張と緩和）,第7章：消化器系・腸内環境・代謝系へのアプローチ,ひらめきに伴う胃電図（EGG）の周波数変化,心電図のように、お腹の表面にシール型の電極を貼り（胃電図：EGG）、人がストレスのかかるパズルを解いている時と、答えがわかって安心した時の「胃の電気的リズム」を測る実験です。健康な胃は「1分間に約3回」という穏やかなペースで波を打っていますが、頭を悩ませてストレスを感じるとリズムが乱れて不規則になります。答えがわかってスッキリした瞬間、正常なリズムにピタッと戻ることがわかりました。,「え、どういうこと？」と答えがわからないタメの時間、あなたの胃のリズムはかすかに乱れ、一種のムカムカ状態を作ります。しかし「その心は！」の答えを聞いて納得した瞬間、脳からのシグナルが胃の電気リズムを即座にチューニングし、心地よい正常な波へと引き戻します。,精神的ストレス・感情負荷が胃の電気的活動（EGG）に与える影響,1980年代〜1990年代,ケネス・コッホ（Kenneth Koch）、R.M. スターン（R.M. Stern）らの消化器運動研究
7.3,第2部：自律神経と身体的反応（緊張と緩和）,第7章：消化器系・腸内環境・代謝系へのアプローチ,笑いによる腹圧上昇と便秘解消効果の生理学的検証,お腹に力が入る活動をした際のお腹の中の圧力（腹圧）の変化と、腸の内容物が移動するスピード（通過時間）を測定する実験です。声を上げて笑うとき、腹筋と横隔膜が激しく上下し、お腹の中の圧力（腹圧）が断続的に高まります。これが腸管に対する強烈な物理的マッサージとして働き、便を押し出す力（排便力）を強力にサポートすることがわかりました。,あなたが秀逸ななぞかけを聞いて腹を抱えて笑っているとき。それは単に「面白い」だけでなく、物理的に自分自身の大腸を外側からギュッギュッと揉みほぐしているのと同じです。ユーモアは、副作用のない優れた便秘薬になり得ます。,笑い（Gelotology）が腹部筋群および消化管運動（便秘解消）に与える物理的効果,1990年代（基礎研究）、および2010年代（笑いヨガ等の臨床看護研究）,ウィリアム・フライ（William Fry）の笑いの生理学研究、および近年のリハビリテーション研究全般
7.4,第2部：自律神経と身体的反応（緊張と緩和）,第7章：消化器系・腸内環境・代謝系へのアプローチ,難問による認知ストレスと胃の運動機能・粘膜血流の低下,人に「絶対に解けないいじわるなパズル」や「理不尽な暗算」を強制的にやらせてイライラさせ、その際の胃の働きを測る実験です。人は「解決できない問題」に直面して強いフラストレーションを感じると、脳内でCRF（副腎皮質刺激ホルモン放出因子）が分泌されます。すると脳は「今は消化をしている場合ではない」と判断し、逆に胃の動きを強制的に停止させ、胃酸の分泌もストップさせます。結果として「胃もたれ」になり、胃の粘膜を守る血流も悪化することがわかりました。,「AとかけてBと解く」と言いながら、全く共通点のない理不尽なオチを言われたり、ダラダラと面白くない言葉遊びを聞かされたりしたとき。あなたの脳はフラストレーションを感じて緊急アラートを誤作動させます。面白くないなぞかけは、本当に胃の働きをフリーズさせて痛めつけるのです。,急性ストレスペプチド（CRF）による胃酸分泌・消化管機能の抑制・変調メカニズム,1990年代〜2000年代,イヴェット・タシェ（Yvette Taché）らのストレスと消化器疾患の研究グループ（UCLA）
7.5,第2部：自律神経と身体的反応（緊張と緩和）,第7章：消化器系・腸内環境・代謝系へのアプローチ,なぞかけ習慣と腸内フローラ（善玉菌比率）の長期的相関,常にストレスを抱えているグループと、日常的にポジティブな感情を持っているグループの便を採取し、DNA解析によって腸内フローラを比較する実験です。慢性的なストレスは腸内の環境を悪化させますが、日常的にユーモアに触れ、ストレスホルモンレベルが低い生活を続けている人は、乳酸菌やビフィズス菌などの「善玉菌」の割合が高く、細菌の多様性が非常に豊かであることがわかりました。,毎日1つ、なぞかけを作ったり聞いたりしてクスッと笑う習慣。これは日々の小さなストレスをこまめにリセットする働きがあります。この「脳の余裕」が、数ヶ月、数年単位で腸内環境を平和に保ち、あなたのお腹の中に豊かで健康なバクテリアのお花畑（フローラ）を育ててくれるのです。,サイコバイオティクス（Psychobiotics）とストレスが腸内細菌叢の多様性に与える影響,2013年〜現在,テッド・ディナン（Ted Dinan）、ジョン・クライアン（John Cryan）らの研究グループ（アイルランド国立大学コーク校）
7.6,第2部：自律神経と身体的反応（緊張と緩和）,第7章：消化器系・腸内環境・代謝系へのアプローチ,脳のエネルギー代謝：なぞかけを解く際の「エネルギーの再分配」,人が特殊な脳スキャナーに入り、「ただボーッとしている時」と、「非常に難しい数学の計算やパズルを1時間連続で解き続けている時」とで、脳のエネルギー消費量や活動パターンがどう変化するかを測る実験です。脳は安静時に莫大なエネルギーを消費してネットワークを維持しており、難しい課題を与えられてフル回転しても、脳全体のエネルギー消費量はベースラインからわずか数％しか増加しないことがわかりました。,「うまいオチが思いつかない！」と1時間ぶっ通しでなぞかけを作り続けたとしても、追加で消費されるカロリーはピーナッツ半分〜1粒程度です。その代わり、あなたの脳内では、雑念のネットワークから推論のネットワークへと、エネルギーの配分（血流）がシームレスかつ劇的に切り替わっています。この「エネルギーの精密な再分配」こそが、脳に心地よい疲労感を与えるのです。,デフォルトモードネットワーク（DMN）および認知タスクに伴う脳のエネルギー代謝研究,1990年代〜2000年代,マーカス・レイクル（Marcus Raichle）らの脳エネルギー代謝研究
7.7,第2部：自律神経と身体的反応（緊張と緩和）,第7章：消化器系・腸内環境・代謝系へのアプローチ,交感神経の亢進と注意の逸らしによる空腹サインのマスキング,人に「退屈な作業」をさせている時と、「夢中になれる作業（フロー状態）」をさせている時の、胃から分泌される空腹ホルモン（グレリン）の数値や胃腸の働き、脳の注意の向きを比較する実験です。強い興味を持ってのめり込んでいる時、交感神経が優位になり、胃腸の動きが一時的に抑制されて空腹ホルモンの分泌が抑えられます。さらに脳の認知リソースが謎解きに全振りされるため、胃からのサインが脳内でマスキングされ、ご飯を食べるのを忘れてしまうことがわかりました。,お腹がグーグー鳴っている時でも、誰かから絶妙なお題を出され、必死に答えを考え始めた瞬間。あなたの体は交感神経をオンにして「今は食事より、この謎を解く方が重要だ！」と判断し、空腹のサイレンを一時的にストップさせます。なぞかけへの没入は、強力な食欲のマスキング効果を持っています。,認知的注意の逸らし（Distraction）とフロー状態が食欲調節および自律神経系に与える影響,2000年代〜2010年代,スザンヌ・ヒッグス（Suzanne Higgs）らの摂食行動と認知の研究、およびミハイ・チクセントミハイ（Mihaly Csikszentmihalyi）のフロー理論
7.8,第2部：自律神経と身体的反応（緊張と緩和）,第7章：消化器系・腸内環境・代謝系へのアプローチ,謎解きの快感と肝臓でのグリコーゲン分解の連動,脳が突然「大量のエネルギー」を必要とした時、体（特に肝臓）がどう反応するかを調べるため、血液中の糖分（血糖値）の変化をリアルタイムで追跡する実験です。脳が本気を出した時、脳は体中のエネルギーを自分に優先して回すよう指令を出します。すると肝臓にSOSが送られ、肝臓は蓄えていた「グリコーゲン」を瞬時にブドウ糖に分解し、血液に乗せて脳へと大量に送り込むことがわかりました。,なぞかけの答えをひらめきそうになった、まさにその瞬間。あなたの脳は「今すぐエネルギーをくれ！」と叫びます。すると肝臓のタンクが開かれ、脳に向けてブドウ糖の特急列車が発車します。なぞかけの快感は、肝臓の献身的なサポート（グリコーゲン分解）によって支えられているのです。,「利己的な脳（Selfish Brain）」理論に基づく、脳のエネルギー需要と肝臓の糖代謝の連動メカニズム,2004年〜現在,アヒム・ペータース（Achim Peters）らの研究グループ
7.9,第2部：自律神経と身体的反応（緊張と緩和）,第7章：消化器系・腸内環境・代謝系へのアプローチ,唾液中アミラーゼ（ストレス指標）の即時的変動による難易度評価,人の口の中に綿棒を含ませて唾液を採取し、簡単なクイズを解いている時と、制限時間付きの非常に難しいパズルを解いている時の、唾液に含まれる「アミラーゼ（消化酵素の一種）」の量を比較する実験です。唾液アミラーゼは、人が心理的なストレスを感じて交感神経が緊張した瞬間に急増する性質があり、課題が難しければ難しいほど、口の中のアミラーゼの数値が跳ね上がることがわかりました。,超難問のなぞかけを出されて焦っている時。あなたの脳はそれを「脅威（ストレス）」とみなし、交感神経が作動します。その結果、あなたの口の中では唾液アミラーゼが急激に分泌されています。アミラーゼの量を測れば、そのなぞかけが「どれくらい脳に負荷をかけているか」を数値化できるのです。,唾液中アルファアミラーゼ（sAA）を用いた交感神経系活動および急性心理的ストレスの客観的評価,2000年代後半,ウルリケ・ネーター（Ulrike Nater）、ウルス・ローレダー（Urs Rohleder）らの研究グループ（および日本の山口昌樹らによる携帯型モニターの開発）
7.1,第2部：自律神経と身体的反応（緊張と緩和）,第7章：消化器系・腸内環境・代謝系へのアプローチ,腸脳相関となぞかけの「面白さ感受性」の相関,腸内細菌のバランスが整っているマウスや人間と、バランスが崩れているマウスや人間とで、不安の感じ方や、ポジティブな刺激に対する反応の良さを比較する実験です。脳内物質「セロトニン」の90％以上は腸で作られており、腸内フローラが健康な人は、迷走神経を通じて良好なシグナルが脳に送られたり、脳でセロトニンを作るための原料が効率よく届けられたりします。結果として脳内のセロトニンが安定し、ユーモアに対して「面白い！」と感じやすいことがわかりました。,同じなぞかけのオチを聞いても、大爆笑する人と「ふーん」で終わる人がいます。この「笑いのツボの浅さ」は、実はその人の「腸内環境の良さ」とリンクしている可能性があります。お腹の中の善玉菌が脳をしっかりサポートしてくれている人ほど、なぞかけの「面白さ」をキャッチする脳のアンテナが敏感に働いているのです。,腸脳相関における腸内細菌叢（マイクロバイオーム）とセロトニン代謝・感情調節の研究,1990年代後半（セロトニンと腸の研究）〜2010年代（サイコバイオティクスの確立）,マイケル・ガーション（Michael Gershon：「第二の脳」の提唱者）、およびジョン・クライアン（John Cryan）らの研究グループ
8.1,第3部：環境・身体・コミュニケーション（外部との相互作用）,第8章：運動器・感覚器・表情へのアプローチ,表面筋電図による大頬骨筋の微小収縮,人の顔の筋肉（特に笑顔を作るときに使う頬の筋肉＝大頬骨筋）に小さなシール型のセンサーを貼り、ジョークを読んだり面白い画像を見たりしたときの「筋肉の電気信号」を測る実験です。声に出して笑ったり、表情に「笑顔」として表れなかったりするレベルであっても、脳が「面白い」「なるほど」とポジティブに感じた瞬間、頬の筋肉がピクッと無意識に反応（微小収縮）していることがわかりました。,「その心は？」の答えを聞いて、「あー、なるほど上手いな！」と感心したとき。あなたの顔は真顔のままでも、頬の筋肉はかすかに「笑顔の準備」をして、なぞかけの巧妙さを称賛しているのです。,顔面筋電図による感情・ユーモアの微小反応計測,1980年代前半〜現在,ジョン・カチョッポ（John T. Cacioppo）らの研究グループなど
8.2,第3部：環境・身体・コミュニケーション（外部との相互作用）,第8章：運動器・感覚器・表情へのアプローチ,アイトラッキングによる思考過程の可視化,人が画面やフリップ等の視覚的な情報を見ている際、どこを見ているかを特殊なカメラで追跡（アイトラッキング）しながら、ひらめきが必要な謎解き問題（マッチ棒パズルなど）を解かせる実験です。問題に行き詰まっている時は視線があちこちを彷徨いますが、答えのヒントになる重要な部分に気づき始めると、特定の要素をじっと「注視」し、その要素と要素の間を視線が何度も往復する（サッカードと呼ばれる素早い眼球運動）ことがわかりました。,お題がフリップ等で視覚的に提示されたとき、あなたの視線は無意識に「A」と「B」の文字を注視し、その間を行ったり来たりします。これは、遠く離れた2つの言葉の共通点を、脳内でなんとか結びつけようとする思考の働きが、そのまま目の動きに表れている状態です。,洞察（ひらめき）問題解決時における眼球運動の解析,2001年,ギュンター・ノブリッヒ（Günther Knoblich）らの研究グループ
8.3,第3部：環境・身体・コミュニケーション（外部との相互作用）,第8章：運動器・感覚器・表情へのアプローチ,「膝を打つ」動作の運動生理学,人がクイズを解いて「わかった！（Aha!）」とひらめいた瞬間の脳波と、実際にボタンを押したり声を出したりする体の動きのタイミングを同時に測る実験です。人が「ひらめいた！」と自覚して体を動かすおよそ0.3秒前に、脳の右半球（右側頭葉）で「ガンマ波」という高周波の強い電気信号が突発的に発生していることがわかりました。,なぞかけのオチを聞いて「そういうことか！」と気づいた瞬間、脳内ではすでに遠隔の情報を結びつける「ひらめきの花火（ガンマ波）」が打ち上がっています。その意味的統合の成功が、ドーパミン報酬系の活性化や強烈な情動の爆発（アハ体験）を引き起こし、抑えきれなくなった興奮が運動神経へ溢れ出て、思わず「ポンッ」と自分の太もも（膝）を叩いてしまうのです。,「アハ体験（Aha! experience）」の神経基盤の解明,2004年,マーク・ビーマン（Mark Jung-Beeman）、ジョン・クーニオス（John Kounios）らの研究グループ
8.4,第3部：環境・身体・コミュニケーション（外部との相互作用）,第8章：運動器・感覚器・表情へのアプローチ,謎解き中の姿勢変化（前傾姿勢）,人がパソコンで難しい課題や謎解きをしているときの、座面にかかる体重のバランス（重心）や姿勢の変化を、圧力を測るクッション型センサーで計測する実験です。課題に興味を持ってのめり込んでいる時や、もう少しで答えが出そうな時、人は無意識に重心が前方に移動し、画面や問題に近づこうとする（前傾姿勢になる）ことがわかりました。逆に退屈すると後傾姿勢になります。,「その心は？」と言われた後のタメの間。答えを自力で予想しようと集中しているとき、あなたの体は無意識に前のめりになり、物理的にも「答えを迎えに行こう」としています。,認知課題・学習中の姿勢変化と感情状態（フロー状態）のリンク,2007年〜2010年頃,シドニー・ディメロ（Sidney D'Mello）、アート・グレッサー（Art Graesser）らの研究グループ
8.5,第3部：環境・身体・コミュニケーション（外部との相互作用）,第8章：運動器・感覚器・表情へのアプローチ,まばたきの頻度と認知負荷,人が暗算や謎解きをしている最中の「まばたきの回数」や視線の動きを計測する実験です。ひらめきによって問題が解決される「直前の思考中」に、外部の視覚的なノイズを物理的に遮断して内的な思考の結びつきに全集中するため、無意識にまばたきの頻度や時間が増加し、視線を逸らす行動が起きることがわかりました。,秀逸なお題を出されて頭の中で遠い言葉を結びつけようと没入している時、あなたは無意識のうちにまばたきを増やしたり、視線を宙に泳がせたりしています。これは事後の安堵のサインではなく、「外からの情報を一旦シャットアウトして、内的思考に全集中するぞ」という、ひらめき直前の能動的なアクションなのです。,洞察問題解決における瞬目（まばたき）と視線回避の研究（Blinking and looking away during insightful problem solving）,2015年,カルメラ・サルヴィ（Carmela Salvi）らの研究グループ
8.6,第3部：環境・身体・コミュニケーション（外部との相互作用）,第8章：運動器・感覚器・表情へのアプローチ,音声の音響的特徴（ピッチと発話の遅延）,人がクイズに答えるときや発言をするとき、その人が「自分の答えにどれくらい自信を持っているか」によって、声の高さ（ピッチ）や発話の間合い（韻律）がどう変化するかを音声解析ソフトで分析する実験です。「絶対に合っている」と自信がある時は、声が低く落ち着いて堂々と発話されます。逆に自信がない時は、無意識に声の語尾が高く上ずったり、音声学で「潜時（Latency）」や「ポーズ（Pause）」と呼ばれる不自然な間が生じたりすることがわかりました。,出題者が「その心は？」と答える直前。そのオチが「絶対にウケる」という自信作なら、声は低く堂々と響きます。逆に「ちょっと苦しいかな…」と思っていると、わずかに声が高く上ずったり、潜時（不自然なポーズ）が空いたりします。聞き手はそれを無意識に察知しているのです。,発話における確信度・不確実性の音響的・視覚的サインの解析,2005年,マーク・スワーツ（Marc Swerts）、エミエル・クラマー（Emiel Krahmer）らの研究グループ
8.7,第3部：環境・身体・コミュニケーション（外部との相互作用）,第8章：運動器・感覚器・表情へのアプローチ,頭部の微小な頷き運動,人が会話をしているときの様子をビデオで録画し、相手の話に「なるほど」と共感したり理解したりした瞬間の身体の動きを、数十分の一秒（1フレーム）単位のコマ送りで精密に解析（マイクロ分析）する行動観察実験です。人は相手の話の意図を完全に理解した瞬間、声を出して「はい」と言わなくても、無意識のうちに数ミリから数センチ単位の「微小な頷き（マイクロ・ノッド）」をしていることがわかりました。,オチを聞いて「あー、なるほど！」と腑に落ちた瞬間。あなたの脳内で2つの言葉が結びついたシグナルは即座に身体に伝わり、無意識のうちに小さく頷いてしまいます。これは脳内での結びつきが相手への「理解のサイン」として体から自動的に表出しているのです。,対話における身体的同調（エントレインメント）とリスナーの運動反応,2000年代初頭,ジャネット・バベラス（Janet Bavelas）らの研究グループ
8.8,第3部：環境・身体・コミュニケーション（外部との相互作用）,第8章：運動器・感覚器・表情へのアプローチ,笑いによる横隔膜の収縮と腹圧変化,人がコメディ映像などを見て声を出して笑っている最中の呼吸や筋肉の動きを、呼吸計測器（スピロメーター）や筋電図を使って観察する実験です。「ハハハ！」と声を上げて笑うとき、横隔膜と腹筋群が普通の呼吸ではあり得ないほどのスピードで、リズミカルかつ激しく収縮と弛緩を繰り返していることが確認されました。,なぞかけのオチが秀逸すぎて、思わず「ブハッ」と吹き出してしまったとき。あなたのお腹の中では、横隔膜がトランポリンのように激しく上下し、内臓をマッサージしています。上手いなぞかけは、脳だけでなくお腹のインナーマッスルをも刺激するのです。,笑いの生理学（ジェロトロジー：笑い学）に基づく呼吸筋・横隔膜の動態研究,1990年代,ウィリアム・フライ（William Fry / 笑いの生理学の父と呼ばれる研究者）らの研究
8.9,第3部：環境・身体・コミュニケーション（外部との相互作用）,第8章：運動器・感覚器・表情へのアプローチ,耳の微小動揺（耳介筋の反射）,犬や猫のように「耳を動かす」ことができない人間でも、特定の音に強く意識を向けた際、耳の周りの筋肉（耳介筋）に電気的な反応が起きているかを測る実験です。人間は耳を大きく動かすことは退化してできなくなっていますが、それでも「注意して音を聞き取ろう」とした瞬間、音がする方向に向けて耳の筋肉が無意識にピクッと収縮する（電気信号が走る）ことがわかりました。,なぞかけで一番重要な「オチ（解答）」のフレーズが発音される直前。聞き手は「絶対に聞き逃すまい」と意識を集中させます。このとき、聞き手の耳の筋肉は、微細にピクッと収縮して「音の受け入れ態勢（神経化石としての反射）」を作っているのです。,人間における耳介筋（退化筋）の聴覚的注意に対する無意識の反射反応,2020年,ダン・ストラウス（Dan Strauss）らの研究グループ（ザールラント大学）
8.1,第3部：環境・身体・コミュニケーション（外部との相互作用）,第8章：運動器・感覚器・表情へのアプローチ,手話なぞかけにおける言語野のフル稼働,手話を日常的に使う人が、手話で会話している映像を見ているときの脳の活動を、fMRI（磁気共鳴画像装置）などで観察する実験です。手話を見ているとき、脳は単なる手の動きの模倣として処理しているのではなく、音声言語を処理するときと同様に脳の「言語野（左半球の言語ネットワーク）」をフル稼働させ、高度な抽象的意味として理解していることがわかりました。,音声ではなく「手話」で行われるなぞかけを見たとき。聞き手は、視覚情報を脳内の言語ネットワークで瞬時に高度な意味へ変換しています。「そういう動きのかけ言葉か！」とひらめく瞬間、音声言語のなぞかけと全く同じように、豊かな意味的統合のスパーク（アハ体験）を脳内で味わっています。,手話理解における脳内メカニズムと言語ネットワークの関与,2002年〜2000年代中盤,カレン・エモリー（Karen Emmorey）らの研究グループ
9.1,第3部：環境・身体・コミュニケーション（外部との相互作用）,第9章：臨床・発達・応用生理学的アプローチ,高齢者の認知症予防効果（長期介入）,高齢者を対象に、「言葉をひねり出す、連想する、パズルを解く」といった認知トレーニングを定期的に続けてもらい、その前後の思考や記憶のネットワークへの「血流や活動パターン」の変化を機能的MRI（fMRI）で追跡する研究です。言葉遊びやパズルを継続的に行ったグループは、そうでないグループに比べて、衰えかけていた神経回路が新しく繋がり直し（脳の機能的可塑性）、脳のネットワーク活動が代償的に改善されることが確認されました。,「AとかけてBと解く」の「B」をひねり出すには、脳内の単語帳を高速でパラパラとめくり、全く関係ない言葉同士の共通点を探す必要があります。この「なぞかけを作る（または解く）」という高度な知的作業は、脳に強烈な血流を送り込み、認知症予防の強力な脳トレとして機能するのです。,軽度認知障害（MCI）における認知トレーニングと脳の可塑性（fMRI研究）,2011年,シルヴィ・ベルヴィル（Sylvie Belleville）らの研究グループ
9.2,第3部：環境・身体・コミュニケーション（外部との相互作用）,第9章：臨床・発達・応用生理学的アプローチ,児童の前頭葉発達となぞかけ理解度の相関,さまざまな年齢の子どもたちに、色々な種類の「ユーモア映像（単なるドタバタ劇から、言葉遊び、皮肉まで）」を見せ、その時の脳の活動をMRIで測定する実験です。小さい頃は「動きの面白さ（ドタバタ）」だけで脳の報酬系（楽しいと感じる部分）が反応しますが、8〜10歳頃になると脳の「前頭葉」と「側頭葉」のネットワークが発達し、「言葉の裏の意味（ダブルミーニングなど）」を理解して脳が喜ぶ（覚醒反応が起きる）ように進化することがわかりました。,子供が「同音異義語（例：雲と蜘蛛）」を使ったなぞかけを真に理解して「上手い！」と反応できるようになった時。それは、目に見えない抽象的な概念を頭の中で2つ同時に保持できるようになった証拠であり、前頭葉が一段階アップグレードした成長のサインなのです。,児童期におけるユーモア理解の発達と脳内ネットワークの推移,2007年〜2012年頃,アラン・ライス（Allan L. Reiss）らの研究グループ（スタンフォード大学）
9.3,第3部：環境・身体・コミュニケーション（外部との相互作用）,第9章：臨床・発達・応用生理学的アプローチ,うつ病傾向となぞかけ聴取時の表情筋反応の遅延,うつ病の治療中の人と、そうでない健常な人に、面白い映像やジョークを見聞きしてもらい、その際の「頬の筋肉（笑いを作る筋肉）」が反応するまでのスピードや大きさを、筋電図で比較する実験です。健常者はポジティブな刺激に対してコンマ数秒で表情筋が無意識に反応しますが、抑うつ状態にある人は、ジョークの意味自体は理解していても、筋肉に「笑い」の信号が届くまでに大きなタイムラグ（遅延）が生じたり、反応自体が弱まったり（感情鈍麻）することがわかりました。,なぞかけの秀逸なオチを聞いた時、頭では「なるほど」とわかっているのに、表情がピクリとも動かない、あるいは数秒遅れて少しだけ口角が上がる。これは「面白くない」わけではなく、うつ状態によって脳から筋肉への「ポジティブな指令」にブレーキがかかっている状態を正確に映し出しています。,大うつ病性障害における感情反応（表情筋電図）の遅延と鈍麻,2005年,ジョナサン・ロッテンバーグ（Jonathan Rottenberg）らの研究グループ
9.4,第3部：環境・身体・コミュニケーション（外部との相互作用）,第9章：臨床・発達・応用生理学的アプローチ,失語症患者の言語リハビリにおける心理的負担の軽減,脳卒中などの後遺症で言葉がうまく引き出せない（失語症）患者のリハビリにおいて、単なる「単語の復唱（テスト形式）」をする時と、ユーモアや自然なやり取りを取り入れた「言葉遊び（語用論的アプローチ）」をする時の、患者の心理的プレッシャーやコミュニケーション意欲の違いを比較・観察する臨床心理学的研究です。「正解を出さなきゃ」というプレッシャーがかかるテスト形式では、失敗への強い不安（破局反応）が生じて心理的なブロックがかかり、余計に言葉が出にくくなります。一方、ユーモアを交えた言葉遊びの枠組みでは、患者の心理的負担が減り、コミュニケーションへの意欲が高まって自然な発話が促されることがわかりました。,リハビリに「なぞかけ」的な要素を取り入れると、患者さんは「テストされている」のではなく「一緒に謎解きを楽しんでいる」という感覚になります。オチを聞いてリラックスした瞬間に心理的なプレッシャーがフワッと解け、普段出にくい言葉の概念がポロッと引き出される効果があるのです。,失語症におけるコミュニケーション・リハビリテーション：ユーモアと語用論的アプローチの効用,1990年代〜2000年代,オードリー・ホランド（Audrey Holland）らの提唱による語用論的アプローチ
9.5,第3部：環境・身体・コミュニケーション（外部との相互作用）,第9章：臨床・発達・応用生理学的アプローチ,ADHD傾向となぞかけへの過集中,ADHD（注意欠如・多動症）における「過集中（Hyperfocus）」の神経メカニズムについて、過去の膨大な実験データ（退屈な課題とゲーム的課題を行った際の行動や脳波の違いなど）を統合して解析した包括的なレビュー研究です。近年の神経メカニズムの研究を統合した結果、ADHDの人は単調な作業では脳波がぼんやりした状態になりがちですが、自分が興味を持ったことや、短いスパンで結果（報酬）が出る課題に対しては、健常者以上に脳が覚醒し、周囲の声が聞こえなくなるほどの「過集中」状態に入ることが理論的に確認されました。,「お題が出される」→「数秒〜数十秒考える」→「見事なオチ（正解）で脳がスッキリする」。なぞかけのこの短いサイクルは、ADHDの脳が求める「適度な難易度」と「即座のドーパミン（報酬）」を見事に満たす設計になっています。そのため、普段は集中が続かない人でも、なぞかけを出された瞬間にスイッチが入り、過集中状態に突入しやすいのです。,ADHDにおける「過集中（Hyperfocus）」の神経メカニズムと脳波的特徴（包括的レビュー）,2019年,ブランドン・アシュイノフ（Brandon K. Ashinoff）、アブドゥラー・アブ＝アケル（Abdallah Abu-Akel）らの研究グループ
9.6,第3部：環境・身体・コミュニケーション（外部との相互作用）,第9章：臨床・発達・応用生理学的アプローチ,睡眠時多次元記録（PSG）による睡眠の質の評価,人が日中に「新しくて頭を使う課題」をたくさんこなした日と、何もせずに過ごした日の夜で、睡眠中の脳波や眼球の動きなどを専用の機械（PSG）で一晩中測って比較する実験です。日中に脳の神経回路（シナプス）をたくさん使って新しいことを学習したり考えたりすると、その夜は疲れ切った脳をリセットするために「徐波睡眠（深い眠り）」の割合がガツンと増えることがわかりました。,日中に「なぞかけ」のお題を考えたり、うまいオチを作ろうと頭をフル回転させることは、脳にとって非常に強度の高い知的トレーニングです。この「心地よい脳の疲労」が夜になると深い眠りを誘発し、シナプスの過剰な繋がりを整理して脳の空き容量を回復させ、さらに別の機能として脳の老廃物を洗い流すシステム（グリンパティック系）も相まって、睡眠の質を劇的に高めてくれるのです。,シナプス恒常性仮説（SHY: Synaptic Homeostasis Hypothesis）に基づく学習と徐波睡眠の研究,2003年〜現在,ジュリオ・トノーニ（Giulio Tononi）らの研究グループ（ウィスコンシン大学）
9.7,第3部：環境・身体・コミュニケーション（外部との相互作用）,第9章：臨床・発達・応用生理学的アプローチ,慢性的なストレス・疲労状態における自律神経応答,日々の過労やストレスを抱えているビジネスパーソンなどに、コメディを見たりユーモアのあるやり取りをしてもらったりして、その前後の心拍数や血圧の変動から「自律神経（交感神経と副交感神経）のバランス」がどう変化するかを測る実験です。慢性的なストレス状態にある人は常に「戦う神経（交感神経）」が過剰に働いて張り詰めていますが、ユーモアに触れて笑った瞬間、リラックスを司る「休む神経（副交感神経）」がパッと活性化し、一時的であれ自律神経のバランスが健康な状態に回復することがわかりました。,疲労困憊で頭が働かない時でも、誰かのなぞかけを聞いて「うまい！」と感心したりクスッと笑ったりした瞬間。あなたの体内ではストレスホルモンが減少し、リラックスの神経がオンになります。なぞかけは、疲弊した心身への「数秒間の即効性マッサージ」として機能するのです。,陽性の感情（笑い・ユーモア）が自律神経系および神経免疫系に与える影響,1980年代後半〜2000年代,リー・バーク（Lee Berk）、スタンリー・タン（Stanley Tan）らの研究グループ
9.8,第3部：環境・身体・コミュニケーション（外部との相互作用）,第9章：臨床・発達・応用生理学的アプローチ,閉鎖環境（宇宙船模擬・隔離施設）でのストレス緩和,火星探査などを想定し、研究者たちを数ヶ月〜1年以上、狭い隔離施設（模擬宇宙船）に閉じ込める実験（アナログミッション）です。その中で、クルー同士のレクリエーション（ゲームや冗談を言い合うこと）が、血圧や心拍数、心理的ストレスにどう影響するかを記録します。閉鎖空間では些細なことでストレスが溜まり、血圧が上がったり仲間割れが起きたりします。しかし、定期的に「知的な遊び」や「ユーモア」を共有する時間を持つと、バイタルサイン（心拍や血圧）が安定し、チームの連帯感が維持されることがわかりました。,宇宙船のような「変化のない退屈で過酷な空間」において、道具を使わずに無限に生み出せる「なぞかけ」は最高のレクリエーションです。お互いにお題を出し合うことで、脳に新鮮な刺激を与え、笑いを共有することで、密室特有のストレスや血圧の上昇を抑え込むことができます。,長期閉鎖隔離環境における心理社会的適応とレクリエーションの効果（Mars500プロジェクト等）,2010年〜2011年（Mars500）、その他多数,ニック・カナス（Nick Kanas）らの宇宙心理学研究グループ、およびESA/IBMPの研究チーム
9.9,第3部：環境・身体・コミュニケーション（外部との相互作用）,第9章：臨床・発達・応用生理学的アプローチ,寒冷昇圧試験（痛み刺激）時の没入効果,参加者に氷水の中に手を入れてもらい（寒冷昇圧試験）、どこまで痛みに耐えられるかを測る実験です。片方のグループにはただ耐えてもらい、もう片方のグループには同時に「難しい暗算」や「パズル」など、頭を強く使う課題をやらせて比較します。人間の脳が処理できる情報量には限界があります。そのため、難しい課題に集中（没入）しているグループは、氷水の冷たさや痛みを伝える神経のゲート（門）が脳内で閉じられ、痛みを感じるのが遅くなり、より長く耐えられることがわかりました。,氷水に手を入れている最中に「〇〇とかけて、〇〇と解く。その心は？」と出題されたらどうなるか。答えを導き出そうと脳が猛烈に回転し始めるため、手から送られてくる「痛い！」という信号を脳が無視し始めます。なぞかけは、天然の鎮痛剤（気晴らし効果）になるのです。,痛みのゲートコントロール理論に基づく、認知機能の注意逸らし（ディストラクション）効果,1999年など（注意と痛みの研究全般）,クリストファー・エクルストン（Christopher Eccleston）、ヘールト・クロムベッツ（Geert Crombez）らの研究グループ
9.1,第3部：環境・身体・コミュニケーション（外部との相互作用）,第9章：臨床・発達・応用生理学的アプローチ,VR空間でのアバターなぞかけ体験の生体反応,VR（仮想現実）ゴーグルを被り、バーチャル空間にいるCGのアバター（キャラクター）と対話する実験です。アバターの視線や身振りが自然な場合とそうでない場合で、体験者の「手汗（皮膚発汗）」や「心拍数」が、現実の人間と話す時とどう違うかを測ります。映像がCGだと頭ではわかっていても、アバターがこちらを見て自然に話しかけてくると、脳は「本当にそこに他者がいる」と錯覚（プレゼンス／実在感）します。結果として、現実の人間と対面した時とほぼ同じレベルで心拍数が上がり、手に汗を握る（生理的覚醒が起きる）ことがわかりました。,VR空間の寄席（よせ）で、落語家のアバターにあなたが見つめられ、「さあ、その心は？」と問いかけられたとします。それがCGであっても、空間の没入感が高ければ、あなたの心臓はドキッとし、手にはじわりと汗をかきます。現実と同じ「期待と緊張の入り混じった生体反応」が、仮想空間でもバッチリ引き出されるのです。,バーチャルリアリティにおける「プレゼンス（実在感）」と自律神経系（皮膚コンダクタンス・心拍）の反応,2000年代初頭〜現在,メル・スレイター（Mel Slater）らのVR・プレセンス研究グループ
10.1,第3部：環境・身体・コミュニケーション（外部との相互作用）,第10章：感覚器間相互作用（クロスモーダル）・生体リズムへのアプローチ,時間生物学：概日リズムの非最適時間帯の優位性,被験者のクロノタイプ（朝型・夜型の生体的個人差）をMEQを用いて分類し、それぞれの「最適時間帯」と「非最適時間帯（朝型にとっての夕方、夜型にとっての朝）」に、分析的推論問題と洞察問題（ひらめきを要する問題）を解かせました。結果、集中力を要する分析的な推論タスクの成績には時間帯による有意差が見られなかったものの、直感的なひらめきや遠隔連想を要する洞察問題（なぞかけ等）の正答率は、生体リズムが本来の活動に適していない「非最適時間帯」において有意に向上することが分かりました。,概日リズムの非最適時間帯においては、前頭前皮質によるトップダウンの抑制的制御（Inhibitory control）や注意のフィルター機能が低下します。なぞかけのような遠隔連想（Remote association）タスクでは、この注意力の低下がかえって意味的ネットワークの拡散的活性化（Spreading activation）を促進します。結果として「無関係な情報を排除する機能」が弱まるため、通常では結びつかない概念同士の柔軟な結合（ひらめき）を生み出しやすくする認知科学的メカニズムが実証されています。,Time of day effects on problem solving: When the non-optimal is optimal（問題解決における時間帯の影響：非最適時間が最適になるとき）,2011年,Mareike B. Wieth & Rose T. Zacks（アルビオン大学、ミシガン州立大学）
10.2,第3部：環境・身体・コミュニケーション（外部との相互作用）,第10章：感覚器間相互作用（クロスモーダル）・生体リズムへのアプローチ,視覚刺激と聴覚刺激モダリティがERP（N400/P600）に及ぼす影響,被験者に言語刺激（意味的逸脱やジョークなど）を【文字提示】と【音声提示】の条件で与え、意味論的処理や再統合を反映する事象関連電位（ERP）を計測した一連の脳波研究から、モダリティによる違いが示されています。音声刺激は時間軸に沿って展開する（Temporal unfolding）という性質を持つため、文字条件よりも音声条件の方が、意味的逸脱を反映する「N400」成分がより早期から生じ、持続することが分かっています。さらにユーモアの理解においては、この意味的な不適合の検知（N400）に引き続いて、オチの洞察や文脈の再解釈を示す後期陽性成分「LPC（Late Positive Complex）/P600」へとプロセスが移行することが確認されています。,なぞかけを音声で受容する場合、文字には存在しないプロソディ（韻律やピッチの変動）や間（ま）といった音韻的特徴が手がかりとなります。脳は音声プロソディを即座に言語の構造処理（境界の特定など）に利用することが分かっています。これにより、なぞかけ特有の「掛詞（同音異義語）」の音韻的曖昧さが聴覚皮質から言語野へ直接的に処理され、単なる文字の視覚的処理を経由するよりも、韻律的キューを補助線とすることで意味的逸脱からの再構築（オチの理解・洞察）ネットワークがより早期かつダイナミックに活性化すると、実際の科学的知見から説明できます。,Auditory and visual semantic priming in lexical decision: A comparison using event-related brain potentials（モダリティ間比較）および Getting it: human event-related brain potentials to jokes in good and poor comprehenders（ユーモア受容のN400/LPC）,1990年 / 2001年,"P. J. Holcomb, H. J. Neville（モダリティ比較） / S. Coulson, M. Kutas（ユーモアのERP）"
10.3,第3部：環境・身体・コミュニケーション（外部との相互作用）,第10章：感覚器間相互作用（クロスモーダル）・生体リズムへのアプローチ,環境温度と認知的負荷が末梢血管応答に与える影響,「肌寒い環境（15度）」と「快適な環境（22度）」において難解ななぞかけ（暗算やストループテストに類する、高い精神的ストレス・認知的負荷を伴う課題）を解明させ、自律神経応答として指先の末梢血管収縮を計測しました。結果、寒冷環境下での洞察問題解決時には、交感神経系のαアドレナリン受容体（主にα1およびα2受容体）を介した極めて強い末梢血管収縮（皮膚血流量の低下）が確認されました。寒冷刺激と認知的負荷による交感神経への刺激は相加的に働き、単一のストレス時よりも顕著な血流低下を引き起こすことが実証されています。,寒冷環境下での末梢血流の低下は、体温維持（熱放散の抑制）を目的とした生理的反射です。なぞかけの解答という高い認知的負荷（精神的ストレス）は交感神経系の緊張をもたらし、これに寒冷ストレスが相加的に重畳することで顕著な血管収縮が生じます（これは冷え性やレイノー現象が悪化するメカニズムとしても広く知られています）。なお、この際の中枢神経系への血流は「脳血流自動調節能（Cerebral Autoregulation）」によって全身の血行動態から独立して制御・維持されており、末梢の強いストレス応答下でも脳の演算処理リソースが適切に担保される生体メカニズムが観察されます。,寒冷曝露および精神的ストレス（認知的負荷）が末梢血管応答と自律神経活動に与える相加的影響に関する研究,1990年代以降継続的に実証（環境生理学・神経生理学分野における定説）,N. Charkoudian、J.M. Johnson などの体温調節および自律神経機能の研究者ら
10.4,第3部：環境・身体・コミュニケーション（外部との相互作用）,第10章：感覚器間相互作用（クロスモーダル）・生体リズムへのアプローチ,嗅覚刺激が「意味記憶」ネットワーク検索に及ぼす修飾効果,単なる無臭の統制群および鎮静効果を持つラベンダーの香り（対照群）と、ローズマリーの香りの条件下で、健常な成人を対象に単語の記憶や注意力を測定する認知評価タスクを実施しました。結果、ローズマリー条件では、ワーキングメモリ（作業記憶）の働きや、二次記憶（長期記憶）から情報を検索する精度など、記憶の全体的な質が統制群と比較して有意に向上することが分かりました。,なぞかけの作成には、側頭葉を中心とする「意味記憶（Semantic memory）」のネットワークから関連概念を検索し（長期記憶の引き出し）、前頭前皮質のワーキングメモリ上で情報を保持・操作するプロセスが必要です。ローズマリーなどの嗅覚刺激が長期記憶の検索精度とワーキングメモリの働きを実際に向上させるという知見は、なぞかけの核となる遠隔連想や「掛詞」の探索・保持を支える認知基盤を賦活し、結果として質の高いなぞかけの生成効率を高める可能性を示唆しています。,Aromas of rosemary and lavender essential oils differentially affect cognition and mood in healthy adults（ローズマリーとラベンダーの精油の香りが健康な成人の認知と気分に与える異なる影響）,2003年,"Mark Moss, J. Cook, K. Wesnes, P. Duckett（ノーザンブリア大学）"
10.5,第3部：環境・身体・コミュニケーション（外部との相互作用）,第10章：感覚器間相互作用（クロスモーダル）・生体リズムへのアプローチ,洞察的思考過程におけるマイクロサッカードと瞬目のデカップリング,なぞかけなどの洞察問題解決過程における被験者の眼球動態をアイトラッカーで計測しました。結果、思考中（高い認知負荷時）はマイクロサッカード（微小眼球運動）の発生率が低下し、オチを閃く直前には瞬目（まばたき）の増加や視線逸らしの反応が起きることが確認されました。また、オチを閃いた（洞察が完了した）瞬間等の認知的な区切りに、単発的な自発的瞬目が生じることも分かりました。,思考中のマイクロサッカードの低下や瞬目の増加は、外界の視覚情報への注意を遮断し、自身の意味記憶ネットワークへ深くアクセスするための「内的注意（Internal attention）への移行に伴う知覚的デカップリング（Perceptual decoupling）」を反映しています。そして閃いた瞬間に生じる瞬目は、洞察の完了によって「認知負荷の解放（Release of cognitive load）」が生じ、注意のリセットと転換が起きたことを示す客観的な生理・認知指標として機能します。,Sudden insight is associated with shutting out visual inputs（ひらめきは視覚情報の遮断と関連する）／Blink-related momentary activation of the default mode network while viewing a flexible cognitive task（認知課題実行中の瞬目に伴うデフォルトモードネットワークの瞬間的活性化）,2015年 ／ 2013年,"C. Salvi, M. Beemanら（ノースウェスタン大学等） ／ 中野珠実ら（大阪大学）"
10.6,第3部：環境・身体・コミュニケーション（外部との相互作用）,第10章：感覚器間相互作用（クロスモーダル）・生体リズムへのアプローチ,ウルトラディアンリズム（超日日律）の谷間における意味ネットワークの脱抑制,生体リズムによる覚醒度の低下が認知に与える影響を調べた研究では、被験者に分析的問題と洞察（ひらめき）問題を解かせた結果、覚醒度が高く集中している「波の頂点（最適時）」では論理的処理が優位になる一方、集中力が切れかける「波の谷間（非最適時）」においては、前頭前皮質（PFC）のトップダウン制御が低下することが分かりました。この注意機能の低下に伴い、無関係な情報を排除するフィルターが弱まるため、かえって側頭葉（右半球など）が司る広範で緩い意味ネットワークへのアクセスが許容され（脱抑制：Disinhibition）、遠い概念同士が結びつく洞察が促進されることが確認されています。,90分ごとの「集中力が切れてボーッとする時間帯」は、一見すると脳が疲労しているように感じますが、なぞかけの作成においては黄金の時間（ゴールデンタイム）です。この生体リズムの谷間においてPFCの監視機能（ガード）が下がることで、普段なら「無関係だ」と切り捨てられる広範な意味ネットワークへのアクセスが許容され、論理的には決して結びつかないような「突飛な掛詞」のアイデアが受動的に提示されやすくなるのです。,Time of day effects on problem solving: When the non-optimal is optimal（問題解決における時間帯効果：非最適時が最適となるとき）,2011年,Mareike B. Wieth & Rose T. Zacks（アルビオン大学・ミシガン州立大学）
10.7,第3部：環境・身体・コミュニケーション（外部との相互作用）,第10章：感覚器間相互作用（クロスモーダル）・生体リズムへのアプローチ,確率共鳴（Stochastic Resonance）：適度な聴覚的環境雑音が意味的推論に及ぼすアモーダルな認知促進,被験者に「50dB（静寂な部屋）」「70dB（カフェ程度の適度な雑音）」「85dB（工事現場のような騒音）」の環境下で遠隔連想タスク（RAT）を行わせました。結果、静寂な状態よりも、70dBの適度な聴覚的ノイズが存在する環境の方が、情報処理の流暢性が適度に低下することで脳がより抽象的な思考（高次解釈レベル）へとシフトし、遠隔連想タスクのひらめきスコアが有意に向上しました（85dBの騒音下では逆にスコアが低下しました）。,寄席（よせ）や居酒屋などの「適度にガヤガヤした環境（約70dB）」は、聴覚からのノイズ刺激が認知処理をあえて少しだけ「難しく」させることで、心理的な距離感を生み出し、大局的・抽象的な思考を促進します。静まり返った部屋でウンウン唸るよりも、適度な雑音に包まれている方が、処理の流暢性が適度に低下することで抽象的思考へのシフトが起き、普段は結びつかないようなかすかな言葉の繋がり（オチのヒント）を脳がキャッチしやすくなるという認知心理学的な裏付けと言えます。,Is Noise Always Bad? Exploring the Effects of Ambient Noise on Creative Cognition（雑音は常に悪いものか？ 環境雑音が創造的認知に与える影響の探求）,2012年,"Ravi Mehta, Rui (Juliet) Zhu, Amar Cheema"
10.8,第3部：環境・身体・コミュニケーション（外部との相互作用）,第10章：感覚器間相互作用（クロスモーダル）・生体リズムへのアプローチ,視覚・聴覚の位相ロック（Phase-locking）：演者のジェスチャーがもたらす聴覚的処理の負担軽減,音声のみの自然な発話を聞く条件と、話し手が発話のプロソディ（韻律）に合わせて手を動かす「ビート・ジェスチャー」を伴う映像を見ながら聞く条件で、参加者の脳波（EEG）を計測しました。結果、視覚的なジェスチャーの運動リズムが、聴覚野における低周波帯域（シータ波など）の神経振動に「位相リセット（同期）」を引き起こすことが判明しました。これにより、重要な聴覚情報（強調される音節など）がいつ入ってくるかの時間的な予測精度が極めて高くなり、初期の音響的処理における脳の負荷が軽減され、音声知覚が大幅に促進されることが実証されました。,落語家や漫談家が「整いました！」と扇子をポンと叩いたり、リズム良く手を動かしたりする視覚的なアクションは、単なる演出ではありません。聞き手の視覚から入るリズムが聴覚野の受け入れ態勢を完璧に同期させるため、初期の音声処理の負荷が極限まで下がります。その結果、脳の認知リソースの全てを「オチの意味的逸脱（N400）とその見事な再解釈（P600）」に全振りできるようになり、より強烈で純粋なアハ体験を引き起こすための神経学的なアシストとなっているのです。,Beat gestures modulate auditory theta-band activity and influence speech perception（ビート・ジェスチャーは聴覚のシータ帯域活動を調整し音声知覚に影響を与える）,2015年,"Emmanuel Biau, Salvador Soto-Faraco（ポンペウ・ファブラ大学 脳・認知センター）"
10.9,第3部：環境・身体・コミュニケーション（外部との相互作用）,第10章：感覚器間相互作用（クロスモーダル）・生体リズムへのアプローチ,触覚的プライミングと概念の柔軟性（身体化された認知の応用可能性）,被験者に「硬い木のブロック」を触らせながらタスクを行わせた群と、「柔らかい毛布」を触らせながら行わせた群を比較しました。結果、硬い物体に触れた群は、対人評価において相手をより「厳格で頑固」だと判断し、模擬交渉の場面でも譲歩しない硬直した意思決定を行いました。一方、柔らかい物体に触れた群は、より柔軟な態度を示し、交渉においても妥協・譲歩しやすい傾向が確認されました。物理的な「硬さ・柔らかさ」の触覚が、比喩的な概念である「思考や態度の硬直・柔軟」に影響を与える可能性が示唆されました。,「身体化された認知（Embodied Cognition）」の観点から見ると、手のひらから入力される「柔らかい・柔軟である」という物理的な触覚情報が、脳内の概念処理ネットワークに波及し、思考の柔軟性を高めるというプライミング効果が部分的に寄寄与する可能性が示唆されます。なぞかけで行き詰まった時、柔らかいクッションや毛布などを揉みほぐす方が、言葉の意味を柔軟に曲げてオチに繋げやすくなる応用が期待できます。ただし、高次認知における身体化プライミングの効果量と頑健性については、近年の大規模な再現性研究において議論の余地が残されている点に留意が必要です。,Incidental Haptic Sensations Influence Social Judgments and Decisions（偶発的な触覚が社会的判断や意思決定に及ぼす影響）,2010年,"Joshua M. Ackerman, Christopher C. Nocera, John A. Bargh（Science誌掲載）"
10.1,第3部：環境・身体・コミュニケーション（外部との相互作用）,第10章：感覚器間相互作用（クロスモーダル）・生体リズムへのアプローチ,低圧環境（気圧低下）が前頭葉の血行動態と認知機能に及ぼす影響,気圧をコントロールできる特殊なチャンバー（低圧低酸素室）を用い、急性の高地曝露を模した「急激な低圧環境」下でNIRS（近赤外線分光法）を用いて認知タスク（ワーキングメモリ課題）を行わせました。結果、通常の環境と比較して、低圧環境下では高度な処理を要する課題において正答率の低下や反応時間の遅延が生じ、背外側前頭前皮質（DLPFC）において異常な血行動態（活動の低下）が観測され、気圧低下が前頭葉の監視機能や実行制御を一時的に阻害することが分かりました。,気圧の低下（低圧環境の脳血流への干渉）は、人間の脳の演算モードに密かな影響を与えます。急激な低気圧下では、DLPFCの監視機能やワーキングメモリの一時的な低下により、複数の文脈を論理的に保持する処理が乱れ、理屈を超えた突飛な言葉の結びつき（認知ノイズ）が偶発的に生まれやすくなります。しかし、これを質の高い「なぞかけのオチ」として見事に統合するためには、気圧低下による脳血流のストレス状態を抜け、環境が回復した後の実行機能による再評価プロセスが不可欠となります。,Effects of acute high-altitude exposure on working memory: A functional near-infrared spectroscopy study（急性高地曝露がワーキングメモリに及ぼす影響：fNIRS研究）,2022年,Wangら（Brain and Behavior誌）
11.1,第3部：環境・身体・コミュニケーション（外部との相互作用）,第11章：人間工学・スポーツ・特殊環境へのアプローチ,運動中の認知負荷 ：エアロバイク運動中になぞかけを解く際の中枢リソースの競合とNIRS応答,被験者にエアロバイクを用いたペダリング運動を課しながら、認知負荷の高い課題（連続減算等のタスク）を出題しました。その際、fNIRSを用いて前頭前皮質の血行動態を計測した結果、デュアルタスクの局面において前頭前皮質の酸素化ヘモグロビン濃度が有意に上昇する一方で、ペダリング出力等の運動パフォーマンスの一時的な低下が確認されました。,なぞかけの解答には前頭前皮質（PFC）を中心とする高度な実行機能が要求されます。運動と高度な認知課題を同時に行うデュアルタスク環境下においては、「中枢の処理リソースの競合」が発生します。被験者の注意が認知タスクに割かれることで無意識的に運動コマンドが低下し、一時的な運動パフォーマンスの低下が生じます。,Effects of different exercise intensities on prefrontal activity during a dual task（デュアルタスク中の前頭前皮質活動における異なる運動強度の影響）,2022年,木村大輔、細川敬祐、氏川拓也、伊藤倫孝（Scientific Reports 掲載）
11.2,第3部：環境・身体・コミュニケーション（外部との相互作用）,第11章：人間工学・スポーツ・特殊環境へのアプローチ,水中感覚遮断環境（REST）が前頭部正中線シータ波（Fmθ）と拡散的思考に与える影響,アイソレーションタンクに被験者を浮かべ、感覚遮断環境（REST）を体験させた上で創造性テストを実施しました。結果、新しいアイデアを生成する「拡散的思考」の課題において独創性のスコアが有意に向上しました。RESTによるリラクゼーション状態は、深い集中や瞑想状態を反映するシータ波の出現を促し、直感的なひらめきや自由な連想を生み出しやすい脳内環境を形成することが示唆されています。,水中環境による感覚遮断は、外部刺激の処理に割かれていた認知リソースを解放し、自由な思考や記憶の結合を司る脳のデフォルトモードネットワーク（DMN）を活性化させます。「なぞかけ」の作成において遠隔連想は不可欠であり、REST環境下で促される拡散的思考の活性化は、この突飛な共通点の発見（ひらめき）を強力にサポートします。生成されたアイデアを評価・選択する中央実行ネットワーク（CEN）とのダイナミックな結合も効率的に促し、なぞかけの洞察プロセスを加速させると考えられます。,Effects of flotation REST on creative problem solving and originality（フローティングRESTが創造的問題解決と独創性に及ぼす影響）,1998年,"Torsten Norlander, Helena Bergman, Trevor Archer（カールスタード大学）"
11.3,第3部：環境・身体・コミュニケーション（外部との相互作用）,第11章：人間工学・スポーツ・特殊環境へのアプローチ,聴覚的言語タスク（なぞかけ）による中枢神経系の覚醒維持効果と限界,長時間の単調な運転を行っている被験者に、「聴覚的な言語タスク」を音声で提示し、口頭で答えさせる実験を行いました。頭で考えて答える「能動的なタスク」は脳を強く活性化させ、眠気を防ぐのに有効でしたが、問題が難しすぎるとワーキングメモリが占有され、重大な運転ミスを招く危険性（認知的ディストラクション）があることが明らかになりました。,「なぞかけ」は脳の記憶を広く探り、論理的に考える必要があるため、脳に高い負荷がかかります。これが眠気を覚ます強い刺激になります。しかし、安全確認が必要な運転中などにこのタスクを行うと、脳の限界を超えて本来の運転への注意が大きく削がれる（認知的ディストラクション）危険があります。,Alertness maintaining tasks (AMTs) while driving（運転中の覚醒維持タスクに関する研究）,2008年,"Tal Oron-Gilad, Amit Ronen, David Shinar（ネゲヴ・ベン＝グリオン大学）"
11.4,第3部：環境・身体・コミュニケーション（外部との相互作用）,第11章：人間工学・スポーツ・特殊環境へのアプローチ,ユーモア（笑い）の喚起による心拍変動（HRV）の応答とリラクゼーション効果,健常成人を対象に、ユーモアを誘発する映像を視聴させ、その前後における心拍変動（HRV）を評価しました。ユーモアを理解して笑いが生じた直後の回復期において、心電図のR-R間隔の揺らぎを示す高周波成分（HF成分）が有意に増大し、心拍数の低下が確認されました。ユーモアによる笑いが交感神経の過剰な興奮を鎮め、副交感神経優位のリラックス状態へのシフトを促す効果を持っています。,笑いの「緊張と緩和」の構造をなぞかけを通じて体験させることは、認知的な洞察と情動反応を引き起こします。競技直前の過緊張で心拍が単調化しているアスリートに対しなぞかけを出題することは、自律神経のバランスを即時的に調整し、過緊張をほぐして適応力を持たせる有効な生理学的メンタル介入として機能し得ます。,Effects of laughing and weeping on mood and heart rate variability（笑いと泣きが気分および心拍変動に及ぼす影響）,2006年,櫻木 惣一郎、杉山 佳生（Journal of Physiological Anthropology）
11.5,第3部：環境・身体・コミュニケーション（外部との相互作用）,第11章：人間工学・スポーツ・特殊環境へのアプローチ,低酸素環境下における前頭前皮質の意味的推論機能の選択的低下,低酸素チャンバー内において、前頭前皮質の実行機能を強く要求する複雑な認知課題を実施させました。単純な記憶課題は維持されるのに対し、高度な意味的推論やルール変換を伴う処理において、特異的かつ選択的に反応時間の遅延とエラー率の増加、および前頭前皮質の活動減弱が確認されました。,なぞかけのように複数の遠隔な意味論的ネットワークを並行して検索・再構築し、ひとつのオチに統合するプロセスは、ドーパミン系の機能低下や前頭前皮質の代謝制限（酸素不足）のダメージを鋭敏に反映します。なぞかけのような高度な比喩的推論タスクは、低酸素環境が中枢神経系の高次認知機能に与える選択的な影響を早期に検出するための有用な評価モデルとなります。,Hypoxia and human cognition: a meta-analysis（低酸素環境とヒトの認知機能に関するメタアナリシス）,2017年,Terry McMorris ほか（ポーツマス大学等の国際研究チーム）
11.6,第3部：環境・身体・コミュニケーション（外部との相互作用）,第11章：人間工学・スポーツ・特殊環境へのアプローチ,交代勤務者の覚醒度維持に対するなぞかけ（不一致・解決タスク）の生理的効果と医学的リスク,睡眠負債が蓄積した被験者に対して、ユーモアや洞察を伴う能動的な認知タスクを課した研究の統合です。ユーモアの理解や問題解決のプロセスが報酬系ネットワークを活性化させ、交感神経系が強く賦活されることで、睡眠圧が高い状態でも眠気が一時的に覆い隠される「マスキング効果」が生じることが確認されています。,なぞかけは、認知心理学における「不一致・解決理論」を体現します。謎解きに成功した瞬間の洞察とユーモアの認知が脳の報酬系を刺激し、覚醒レベルを一時的に引き上げる効果的なトリガーとして機能します。しかし、これは眠気を隠しているだけの「マスキング」であり、タスク終了直後にマイクロスリープを誘発する重大な生理学的リスクを伴います。,睡眠科学における「眠気のマスキング効果」と「マイクロスリープ」、認知神経科学における「ユーモアの報酬系賦活」,1990年代〜現在に至る実証研究の統合,"Torbjörn Åkerstedtらの研究（ストックホルム大学）、David F. Dingesらの研究（ペンシルベニア大学）、Mobbs, D. et al. らの研究"
11.7,第3部：環境・身体・コミュニケーション（外部との相互作用）,第11章：人間工学・スポーツ・特殊環境へのアプローチ,デスクワーク中の立位姿勢が洞察的課題遂行時の大脳皮質覚醒レベル（RAS）に及ぼす影響,「椅子に座って課題を解く群」と「スタンディングデスクを使用して立位で解く群」で認知処理速度や実行機能を比較した結果、立位群において課題遂行スピードや選択的注意、ワーキングメモリの有意な向上が確認されています。,立位でなぞかけのような遠隔連想や洞察の速度が向上する生理学的メカニズムは、姿勢を維持するための抗重力筋からの固有受容覚入力が、脳幹の「網様体賦活系（RAS）」を持続的に刺激するためです。大脳皮質の覚醒レベルが適度に引き上げられ、なぞかけ特有の意味ネットワークの探索や不一致の解決に最適な状態が維持されます。,人間工学における「立位姿勢と認知パフォーマンス」、神経生理学における「網様体賦活系（RAS）と覚醒」、および脳機能計測における「fNIRSのアーティファクト分離」,2000年代〜現在に至る実証研究の統合,Ilias Tachtsidis & Felix Scholkmannらの研究、Mark Bendenら、Mark Beeman & John Kouniosらの研究
11.8,第3部：環境・身体・コミュニケーション（外部との相互作用）,第11章：人間工学・スポーツ・特殊環境へのアプローチ,VR空間での「3Dなぞかけ提示」が引き起こすベクション（視覚誘導性自己運動感覚）と認知処理,VR環境における研究で、VRゴーグルを用いて没入環境で認知課題を行うと、オプティカルフローによって「ベクション（視覚誘導性自己運動感覚）」が生じます。この空間的移動感覚を伴う状態での言語処理は、通常の2D平面ディスプレイに比べ、空間認知を担う広範な皮質領域を同期的に活性化させることが判明しています。,なぞかけは「意味的距離」を跳躍して結びつけるタスクです。この意味的距離をVR上の物理的な空間スケールとリンクさせて提示することで、謎解きのプロセスが視覚的・身体的シミュレーションとして処理され、洞察（アハ体験）をより強力な認知体験へと増幅させる可能性が示唆されます（ただしVR酔いなどの交絡因子の統制が必要です）。,認知言語学における「身体化された認知（Embodied Cognition）」、および人間工学における「ベクションと感覚不一致理論（Sensory Conflict Theory）」,1990年代〜現在に至る実証研究の統合,"Lawrence Barsalou, George Lakoffらの研究、James T. Reasonらの研究、Stephen Palmisanoらの研究"
11.9,第3部：環境・身体・コミュニケーション（外部との相互作用）,第11章：人間工学・スポーツ・特殊環境へのアプローチ,協調的なぞかけ課題（ペア作業）時の生理的同期現象（シンクロニー）と交絡因子の統制,ペアに共同で課題を遂行させ、ハイパースキャニングを用いて脳波や自律神経活動を同時計測しました。呼吸リズムなどの物理的要因による偽の同期を除外した後でも、二者が課題の核心となる「意味」を共有し理解し合った瞬間に、右側頭頭頂接合部（TPJ）や前頭前野を中心とする有意な脳間・自律神経同期が確認されています。,なぞかけを共同で解くプロセスには、相手の思考プロセスや意図を推測する「メンタライジング（心の理論）」が不可欠です。抽出された純粋な脳間・生理的同期は、なぞかけ特有の「不一致の解決」に向けた高度な認知的共感が、他者と深いレベルで生理的・神経的な位相を同調させることを示す客観的指標となります。,社会的認知神経科学における「ハイパースキャニング（複数人同時計測）」と「脳間同期（Brain-to-Brain Coupling）」,2010年代〜現在に至る実証研究の統合,Uri Hassonらの研究、Guillaume Dumasらの研究、Rebecca SaxeやUta Frith & Chris Frithらの研究
11.1,第3部：環境・身体・コミュニケーション（外部との相互作用）,第11章：人間工学・スポーツ・特殊環境へのアプローチ,高ストレス環境での聴覚的ユーモア介入がもたらす注意の逸らし効果と聴取努力のトレードオフ,痛覚刺激や環境騒音を負荷した状態において、ユーモアのある音声提示や認知タスクを課した研究です。ユーモアの認知処理にリソースを割くことは「ディストラクション（注意の分散）」として機能し、持続的な交感神経の過緊張を緩和する効果が確認されています。ただし、笑いが生じた瞬間には一過性の交感神経のスパイクが生じます。,物理的ストレス下において、なぞかけ特有の不一致・解決タスクに意識を集中させることは、一時的な心理的防御として有効に機能します。しかし、騒音環境下でなぞかけの掛詞を正確に聞き取るには強い「聴取努力」が要求され、ワーキングメモリをフル稼働させることで認知的なアロスタティック負荷を増大させるトレードオフのリスクが存在します。,ストレス心理学における「ユーモアのディストラクション効果と痛覚耐性」、および聴覚認知科学における「騒音下聴取と聴取努力（Listening effort）」,2000年代〜現在に至る実証研究の統合,"Zweyer, K. らの研究、Rod A. Martin らの研究、Jerker Rönnberg らの研究、Kathleen Pichora-Fuller らの研究"
12.1,第3部：環境・身体・コミュニケーション（外部との相互作用）,第12章：睡眠・概日リズム（サーカディアンリズム）へのアプローチ,就寝前のなぞかけ解答が睡眠の深さに与える影響,寝る前に「不安なこと」を考えると目が冴えてしまうのはよく知られていますが、一方で「笑い」を体験した後の睡眠を調べた実験があります。笑いはストレスホルモンを抑制する効果が期待できます。しかし、就寝前に高度な問題解決タスクを行うと、Harveyらが提唱する通り、脳が覚醒してしまい入眠を妨げるリスクがあります。,寝る前のなぞかけは、二面性を持っています。自分で難しいお題を必死に解こうとすると前頭前野が活性化しすぎて眠れなくなる恐れがあります。しかし、他人のなぞかけを聞いて「ふふっ」と笑う受動的な体験や、軽く解ける難易度であれば、今日の悩みから意識を逸らす「認知的分散」として働き、脳をスムーズにおやすみモードへと導く効果が期待できます。,ユーモアと笑いが神経内分泌（ストレスホルモン）に与える影響、および就寝前の認知的覚醒が睡眠に与える影響の研究,1989年〜2000年代（笑い）／2002年（認知的覚醒）,リー・バーク（Lee Berk）ら ／ アリソン・ハーベイ（Allison Harvey）ら
12.2,第3部：環境・身体・コミュニケーション（外部との相互作用）,第12章：睡眠・概日リズム（サーカディアンリズム）へのアプローチ,入眠期におけるなぞかけ（言葉遊び）の断片的な自動再生,日中に「テトリス」を何時間もやり続けた被験者が、入眠直後の浅い眠り（ステージN1）の最中に、ブロックが落ちてくる幻覚を見る現象（テトリス効果）の研究です。これは、日中の高度な認知活動が、睡眠の初期段階において脳内で断片的に自動再生されることを示しています。,日中になぞかけを解きまくって脳を酷使すると、夜の入眠期において脳が自動的にその「言葉遊び」の残像を再生することがあります。夢の中で新しい掛詞を模索するようなこのプロセスは、記憶の整理（再固定化）の一環と考えられ、日中の集中的な思考が睡眠の導入段階で処理されている証と言えます。,睡眠開始時の記憶の固定化（テトリス効果）に関する研究,2000年,ロバート・スティックゴールド（Robert Stickgold）ら
12.3,第3部：環境・身体・コミュニケーション（外部との相互作用）,第12章：睡眠・概日リズム（サーカディアンリズム）へのアプローチ,起床直後の睡眠慣性におけるなぞかけと脳血流の立ち上がり,朝起きてすぐの睡眠慣性では深部体温が低く、人間の認知機能は深部体温のリズムと相関し、体温が低い時はパフォーマンスが低下することが知られています。睡眠慣性の状態では、前頭葉のネットワークが十分に立ち上がっておらず、思考が停滞しやすいことが確認されています。,寝起きのボーッとした脳で知的負荷の高いなぞかけを解こうとすると、前頭前野の局所的な脳血流（rCBF）が促進されます。この知的刺激が脳の覚醒状態を素早く引き上げるトリガーとなり、物理的な深部体温の上昇を待たずして、睡眠慣性からの早期離脱を促す「脳の準備体操」として機能します。,概日リズムと深部体温が認知パフォーマンスに与える影響に関する一連の研究、および睡眠慣性（Sleep Inertia）の研究,1980年代〜1990年代にかけて,ティモシー・モンク（Timothy Monk）、サイモン・フォルカード（Simon Folkard）らのグループ
12.4,第3部：環境・身体・コミュニケーション（外部との相互作用）,第12章：睡眠・概日リズム（サーカディアンリズム）へのアプローチ,徹夜明け（睡眠剥奪状態）におけるひらめきの遅延とマイクロスリープ,睡眠不足が極限に達すると、本人は「起きている」つもりでも、数秒間だけ脳の一部が勝手にシャットダウンする「マイクロスリープ（微小睡眠）」が頻発することが分かりました。この間、反応は完全に停止します。,徹夜明けでなぞかけを解こうとすると、「あと少しで上手いオチが思いつきそう！」という高いワーキングメモリを必要とする瞬間に、脳が耐えきれずに数秒間の「強制シャットダウン（マイクロスリープ）」を起こすため、せっかく繋がりかけた思考の糸がプツンと切れて真っ白になってしまうのです。,睡眠剥奪中の精神運動ビジランス課題（PVT）における注意力低下とマイクロスリープの測定,1980年代後半〜2000年代にかけて,デビッド・ディンゲス（David Dinges）らの研究グループ
12.5,第3部：環境・身体・コミュニケーション（外部との相互作用）,第12章：睡眠・概日リズム（サーカディアンリズム）へのアプローチ,昼寝（パワーナップ）前後のなぞかけ生成能力の変化,短い昼寝（20分以内）は、深い徐波睡眠に達する前に目覚めることで「睡眠慣性」を回避できます。この仮眠により、前頭前野の機能である「ワーキングメモリ」が劇的にリフレッシュされ、作業スピードや発想力が回復することが実証されました。,なぞかけを作るには、2つの異なる言葉の意味を頭の中で同時に保持して処理する「ワーキングメモリ」が不可欠です。午後になって良いオチが浮かばなくなったら、20分だけ目を閉じる。それだけで、脳のワーキングメモリ上の不要な情報がクリアリングされ、再びシャープな掛詞をひらめくことができるようになります。,短い昼寝（10〜20分）が認知機能、覚醒度、パフォーマンスに与える効果の研究,2006年など（パワーナップの効果実証）,アンバー・ブルックス（Amber Brooks）とレオン・ラック（Leon Lack）らの研究グループ（オーストラリア・フリンダース大学）
12.6,第3部：環境・身体・コミュニケーション（外部との相互作用）,第12章：睡眠・概日リズム（サーカディアンリズム）へのアプローチ,体内時計のクロノタイプ（朝型・夜型）によるなぞかけの得意時間帯の違い,朝型の人と夜型の人を集め、それぞれの「最も頭が冴えている時間帯」と「疲れてボーッとしている時間帯（非最適時間帯）」で、論理問題とひらめき問題（洞察問題）を解かせる実験を行いました。計算などの論理問題は冴えている時間帯の方が高得点でしたが、「ひらめき問題」に関しては、脳が疲れてボーッとしている時間帯の方が正答率が高くなる逆転現象が起きました。,なぞかけで素晴らしい「オチ」を思いつくには柔軟な発想が必要です。頭が冴えている時は脳の「抑制制御」が強すぎますが、自分のクロノタイプに合わない時間帯は、脳のガードが緩み、「一見関係ない言葉同士（掛詞）」を強引に結びつける奇跡のひらめきが起きやすくなるのです。,最適ではない時間帯における問題解決能力（ひらめき）の向上に関する研究（Time of day effects on problem solving: When the non-optimal is optimal）,2011年,マレイケ・ウィース（Mareike Wieth）とローズ・ザックス（Rose Zacks）
12.7,第3部：環境・身体・コミュニケーション（外部との相互作用）,第12章：睡眠・概日リズム（サーカディアンリズム）へのアプローチ,時差ボケ（ジェットラグ）状態におけるなぞかけの「掛詞」処理のエラー率,時差ボケ状態の人の脳機能を測定した研究です。睡眠不足とは独立して、体内時計がズレるだけで、記憶を司る「海馬」や実行機能を担う「前頭葉」のネットワークが低下し、複数の情報を同時に処理するワーキングメモリや認知の柔軟性に悪影響を及ぼすことが分かっています。,なぞかけの「掛詞」は2つの全く違う意味を頭の作業机に同時に並べて比べる高度なワーキングメモリ処理です。時差ボケで海馬や前頭前野のネットワークが低下している状態では、この「2つの意味を同時に持つ」ことができず、片方の意味しか理解できなくなったり、オチを聞いてフリーズしてしまうエラーが頻発します。,概日リズムの乱れ（時差ボケ）が認知機能（空間記憶や前頭葉の実行機能・ワーキングメモリ）に与える影響の研究,2001年（慢性的な時差ボケが脳に与える影響）、および1990年代〜2000年代のシフトワーク研究,クァンウック・チョー（Kwangwook Cho）ら ／ サイモン・フォルカード（Simon Folkard）ら
12.8,第3部：環境・身体・コミュニケーション（外部との相互作用）,第12章：睡眠・概日リズム（サーカディアンリズム）へのアプローチ,夢遊病や寝言における言語の論理性となぞかけ構造の類似性解析,成人の「寝言」数千件を録音し分析した研究で、寝言は文法（統語論）的には非常に正確で、「主語と述語」の構造や会話の「間」まで完璧に守られているのに、言っている内容のつじつま（意味論）だけが完全に破綻していることが分かりました。,寝言はまさに「壊れたなぞかけ」です。脳は眠っていても「〇〇とかけて、〇〇と解く」という言葉の型（統語論）だけは無意識に自動生成できます。しかし、それらを論理的に結びつける「その心は（オチ）」の部分は理性が眠っているため、意味（意味論）が乖離しためちゃくちゃな答えしか出てきません。,睡眠中の発話（寝言）の言語学的および神経学的解析：「眠っている脳は何を語るのか？（What does the sleeping brain say?）」,2017年,イザベル・アルヌルフ（Isabelle Arnulf）らの研究グループ（ソルボンヌ大学）
12.9,第3部：環境・身体・コミュニケーション（外部との相互作用）,第12章：睡眠・概日リズム（サーカディアンリズム）へのアプローチ,悪夢の予防に対する、就寝前のユーモア（なぞかけ）による報酬系の活性化と情動のダウンレギュレーション,人が「ユーモア（笑い）」を理解した瞬間の脳の動きをfMRIでスキャンした実験です。ユーモアを理解して「なるほど！」とスッキリした瞬間、中脳辺縁系などの「報酬系（快感エリア）」が強力に活性化することが確認されています。,寝る前に優れたなぞかけを聞いて笑うことは、脳に対する強力なリセットボタンになります。ユーモア理解に伴う報酬系の強い活性化がポジティブな情動を脳内に溢れさせることで、悪夢の温床となるネガティブな情動（不安や恐怖）を相対的に上書きし、緩和（情動のダウンレギュレーション）してくれます。,ユーモア処理における中脳辺縁系（報酬系）の活性化に関するfMRI研究、および悪夢に対する認知行動療法（イメージ・リハーサル療法）の基礎研究,2003年（ユーモアの脳画像研究）／ 2001年（悪夢の治療研究）,アラン・ライス（Allan Reiss）らのグループ ／ バリー・クラコウ（Barry Krakow）ら
12.1,第3部：環境・身体・コミュニケーション（外部との相互作用）,第12章：睡眠・概日リズム（サーカディアンリズム）へのアプローチ,睡眠時無呼吸症候群患者の認知機能低下のスクリーニングになぞかけを用いる試み,睡眠時無呼吸症候群（OSA）の患者は、寝ている間に何度も脳が「酸欠状態（間欠的低酸素）」になります。このダメージは脳の前頭前野に蓄積しやすく、「言葉をスラスラ思い出す能力（語音流暢性）」や「注意力を切り替える能力」が早期から顕著に低下することが、多くの臨床研究で実証されています。,なぞかけは、「語彙の引き出し」と「注意の切り替え」を極限まで要求される高度な脳トレです。「昔はダジャレが得意だったのに、最近なぞかけのお題を出されても全く言葉が出てこなくなった」という場合、それはいびきや無呼吸による「夜間の脳の酸欠ダメージ」を知らせる初期アラート（簡易スクリーニング）になり得るということです。,閉塞性睡眠時無呼吸症候群（OSA）における間欠的低酸素血症が前頭前野の実行機能および言語流暢性に与える影響の研究,2000年代〜2010年代にかけて,デビッド・ゴザル（David Gozal）、ディーン・ビーブ（Dean Beebe）らの研究グループ
13.1,第3部：環境・身体・コミュニケーション（外部との相互作用）,第13章：咀嚼・嚥下・口腔機能へのアプローチ,ガム咀嚼がなぞかけの言語的探索をサポートする可能性（脳血流増加と覚醒水準の向上）,ガムをリズミカルに噛む（咀嚼する）ことで、あごの筋肉から脳へ強い刺激が送られ、脳の司令塔である「前頭前野」や記憶を司る「海馬」の血流量が増加します。これにより、脳に酸素と栄養が行き渡り、覚醒水準の向上や記憶・学習機能の賦活に寄与することが確認されています。,なぞかけで行き詰まったら、ガムを噛むのが効果的かもしれません。あごを一定のリズムで動かすことは、脳に血を送る「ポンプ」の役割を果たします。エンジン（脳）に燃料（血液）を送り込んで脳の覚醒水準を向上させることで、一見関係ない言葉同士を結びつける高度な「言語的探索」をサポートしてくれる可能性があります。,咀嚼運動が脳機能（記憶・学習・脳血流）に与える影響のfMRI・NIRS研究,2000年代前半〜,小野塚實（神奈川歯科大学）らの研究グループ
13.2,第3部：環境・身体・コミュニケーション（外部との相互作用）,第13章：咀嚼・嚥下・口腔機能へのアプローチ,なぞかけのオチ理解時における大頬骨筋の無意識的な活動（表情筋の反射）,顔の筋肉に小さなセンサーをつけ、閾下（無意識下）の感情刺激に対する筋肉の動きを測る実験です。人がポジティブな情動（快情動）を感じた瞬間、頭で意識するよりも早く、頬の筋肉（大頬骨筋＝笑顔を作る筋肉）が無意識のうちにピクッと反応する「表情模倣」のメカニズムが確認されています。,なぞかけの鮮やかなオチに感心し、「なるほど！」とひらめいた瞬間（Aha!体験）、私たちは頭で考えるより先に「顔の筋肉」が反応しています。愛想笑いではなく、本当に心が動いた時、そのポジティブな情動は無意識かつ瞬時に大頬骨筋の活動として表出します。これこそが、なぞかけによって心が動いたことの嘘偽りない証拠（生体サイン）なのです。,顔面筋電図（fEMG）を用いた情動（感情）反応と表情筋の無意識的活動の測定研究,1980年代〜1990年代,ウルフ・ディンバーグ（Ulf Dimberg）らの研究グループ
13.3,第3部：環境・身体・コミュニケーション（外部との相互作用）,第13章：咀嚼・嚥下・口腔機能へのアプローチ,なぞかけによる唾液分泌量の増加と口腔乾燥症（ドライマウス）改善効果,口が渇きやすい（ドライマウスの）高齢者に、ユーモアに触れて笑ってもらい、前後の唾液の量を測る実験です。人は緊張していると自律神経の「交感神経」が優位になり口がカラカラになりますが、笑いやリラクゼーションによって「副交感神経」のスイッチが入ることで、サラサラとした漿液性（しょうえきせい）の唾液の分泌量が自然に増加することが実証されています。,なぞかけを楽しんで「ふふっ」と笑うことは、お金の掛からない最高のお口の潤いケアです。オチの面白さによって緊張の糸が解ける（不一致の解決）ことで、脳がリラックスモードになり、閉じていた唾液腺の蛇口が自然に開いてお口の中を潤してくれます。,笑い（ユーモア）やリラクゼーションが自律神経系および唾液分泌機能に与える影響の研究,1990年代〜2000年代,リー・バーク（Lee Berk）ら、および日本の心身医学・高齢者歯科学の研究グループ
13.4,第3部：環境・身体・コミュニケーション（外部との相互作用）,第13章：咀嚼・嚥下・口腔機能へのアプローチ,なぞかけ発声時における「間」と「抑揚」のプロソディ（韻律）制御,発話における「間」や「抑揚（プロソディ）」がどのように制御されているかを調べた研究です。言葉に感情や意味のニュアンスを乗せて話す時、単に口先を動かしているわけではなく、右半球を中心とした高次の脳神経ネットワークと、喉頭（声帯の緊張度）、呼吸器（呼気圧のコントロール）、そして調音器官全体の高度な協調運動が行われていることが分かっています。,早口言葉が口周りの「筋トレ」だとしたら、なぞかけは呼吸と脳神経が連動した「お芝居」です。オチの面白さを最大限に伝えるために、脳は「どう言えば一番面白く伝わるか」を計算し、右半球のプロソディ（韻律）制御ネットワークを駆使して、発声器官全体で絶妙な「タメ（間）」や「抑揚」を作り出す非常に高度なコントロールを行っているのです。,発話におけるプロソディ（韻律）の生成と右半球を中心とした高次神経基盤に関する研究,1980年代〜2000年代,神経言語学・音声生理学の多数の研究グループ（右半球の韻律処理に関する一連の研究）
13.5,第3部：環境・身体・コミュニケーション（外部との相互作用）,第13章：咀嚼・嚥下・口腔機能へのアプローチ,嚥下機能訓練としての「なぞかけ大喜利」の生理的効果,食べ物を飲み込む力が弱くなった高齢者が、お腹から大きな声で発声する大喜利などに参加する実験です。大きな声を出し、喉をしっかり動かして笑うなどの発声訓練が、実は食べ物を安全に飲み込むための筋肉（喉仏を引き上げる「喉頭挙上筋群」）の強力なトレーニングとして機能し、嚥下機能の維持・向上に寄与することが確認されています。,誤嚥（ごえん）を防ぐための「喉の体操」は単調で飽きやすいですが、なぞかけ大喜利なら楽しく大声を出すことができます。「整いました！」と思い切り笑って元気に叫ぶ。それだけで、お茶やご飯でむせないための「喉の筋肉」が自然に鍛えられるため、モチベーションを保ちながら継続できる最高のエンタメ・リハビリになります。,発声訓練（音読やカラオケ歌唱など）が嚥下機能（喉頭挙上筋群の筋力維持）に与える効果の研究,2000年代〜2010年代にかけて,藤島一郎（嚥下リハビリテーション分野）ら、および日本の高齢者歯科・耳鼻咽喉科の研究グループ
13.6,第3部：環境・身体・コミュニケーション（外部との相互作用）,第13章：咀嚼・嚥下・口腔機能へのアプローチ,歯の食いしばり（ブラキシズム）となぞかけ思考時のストレス連動,人は寝ている時だけでなく、起きている時にも無意識に歯を食いしばる「覚醒時ブラキシズム」を起こします。難しい計算問題やパズルを解かせながら、あごの筋肉（咬筋）の活動を測る実験を行ったところ、問題が難しくて「うーん」と行き詰まり、心理的なストレス（認知的負荷）が高まるのに比例して、無意識に奥歯をグッと噛み締める力が強くなることが確認されました。,「〇〇とかけて…ああ、いいオチが思いつかない！」と脳がパニックになっている時、あなたの奥歯は無意識にギリギリと悲鳴を上げています。なぞかけで行き詰まったら、まずは一度「ふぅーっ」と息を吐いて上下の歯を離してみてください。あごの緊張を解くことで脳のストレス状態がリセットされ、柔軟な思考（拡散的思考）を取り戻すための環境が整います。,精神的ストレス（認知課題）が覚醒時の咀嚼筋（咬筋）活動に与える影響についての筋電図（EMG）研究,1990年代後半〜2000年代,アラン・グラロス（Alan Glaros）ら、および日本の歯科心身医学の研究グループ
13.7,第3部：環境・身体・コミュニケーション（外部との相互作用）,第13章：咀嚼・嚥下・口腔機能へのアプローチ,辛味刺激（カプサイシン等）の摂取がなぞかけの解答速度に与える影響,辛味（カプサイシン）は味覚ではなく「痛覚（痛み）」です。人に痛み刺激を与えながら頭を使うテスト（ワーキングメモリ課題）を行わせると、脳のエネルギーが「痛みの処理」に強制的に奪われてしまうため、情報を記憶したり考えをまとめたりするスピードがガクッと落ち、ミスを連発してしまうことが分かっています（痛みの注意機能への干渉）。,激辛カレーを食べながら、なぞかけの名作を生み出すのは至難の業です。脳の司令塔（前頭葉）は「口の中が火事だ！」という痛みのサイレンに対応するのに手一杯になり、「同音異義語を探す」という高度なお遊びに割く余裕が全くなくなってしまうからです。,急性疼痛（痛み刺激）が注意機能とワーキングメモリに与える干渉効果の研究（Pain demands attentionモデル）,1999年など,クリストファー・エクルストン（Christopher Eccleston）とゲルト・クロムベス（Geert Crombez）
13.8,第3部：環境・身体・コミュニケーション（外部との相互作用）,第13章：咀嚼・嚥下・口腔機能へのアプローチ,味覚の感受性変化：なぞかけで爆笑した直後における甘味・苦味の閾値変動,人間の「味覚」は気分によって変わります。被験者を「不安な気分にさせるグループ」と「明るく楽しい気分にさせるグループ」に分けて味覚テストをしたところ、不安な時は「苦味」をより強く感じやすくなり、逆にポジティブで楽しい気分の時は「甘味」をより強く感じやすくなる（甘味の感度が上がる）ことが実証されました。,見事ななぞかけを聞いて「一本取られた！ハッハッハ！」と大笑いし、気分がスッキリした直後に飲むコーヒーは、いつもより少しマイルドで甘く感じるかもしれません。心理学的な知見として、ポジティブな感情は味覚の主観的な評価を向上させる（より美味しく感じる）ことがわかっており、笑いによる気分の改善が同様の認知的バイアスをもたらす可能性があります。,気分や感情（セロトニンなどの神経伝達物質の変動）が味覚の閾値（甘味・苦味の感受性）に与える影響の研究,2006年,ルーシー・ドナルドソン（Lucy Donaldson）らの研究グループ
13.9,第3部：環境・身体・コミュニケーション（外部との相互作用）,第13章：咀嚼・嚥下・口腔機能へのアプローチ,義歯（入れ歯）の不具合がなぞかけ発話の流暢性と脳の認知負荷に与える影響,人間が「言葉を話す」時、口の周りの筋肉や舌は超精密な動きをしています。発音しづらい口内環境では、脳が「うまく喋ること」自体に膨大なエネルギー（認知リソース）を消費してしまい、その結果、「次に何を話すか考える」という本来の思考パフォーマンスが大幅に低下してしまうことが分かっています。,なぞかけは「整いました！」「その心は！」と、リズム良く滑らかに話すことで初めて完成します。もし入れ歯が合わず「喋る途中で外れるかも…」と気にしていると、脳のメモリの半分が「口元の制御」に使われてしまいます。お口の健康（オーラルフレイル予防）は、脳のメモリを100%「面白いオチを考えること」に使うための絶対条件なのです。,発話運動の制御（構音障害の補償）に伴う認知負荷の増加、および口腔機能の低下が認知機能に与える影響（二重課題干渉）の研究,2010年代にかけて（オーラルフレイルと認知症関連研究）,日本の老年歯科医学の研究者たち、およびスヴェン・マティス（Sven Mattys）らの言語処理における認知負荷の研究
13.1,第3部：環境・身体・コミュニケーション（外部との相互作用）,第13章：咀嚼・嚥下・口腔機能へのアプローチ,口腔粘膜からの吸収：カフェイン摂取後、なぞかけのひらめきが早まるまでの生理的タイムラグ,眠気を覚まして頭をシャキッとさせるカフェインですが、実は「飲み込む（胃腸から吸収する）」よりも「口の粘膜（頬の内側など）から直接吸収する」方が圧倒的に早く脳に届きます。カフェイン入りのガムを噛んだ場合、飲み薬（カプセルや液体）として胃に落とすよりも、血中濃度が急上昇するスピードが数倍速く、わずか数分で反応速度や認知機能が向上することが証明されています。,なぞかけの大会などで、「今すぐ頭の回転を上げてオチを見つけなきゃ！」という緊急事態の時。コーヒーをゴクゴク飲み込んでも、胃から吸収されてひらめきが早まるまでには30分〜45分かかってしまいます。即効性を求めるなら、専用のカフェイン入りガムを噛んで「口の粘膜」から持続的に吸収させる方が、素早く脳に「ひらめき薬」を届けることができます。,カフェインの投与経路（ガムによる口腔粘膜吸収 vs 経口カプセル）が吸収速度と認知・精神運動パフォーマンスに与える影響の比較研究,2002年,ゲーリー・カミモリ（Gary Kamimori）らの研究グループ（米軍医学研究）
14.1,第3部：環境・身体・コミュニケーション（外部との相互作用）,第14章：姿勢・重心・身体バランスへのアプローチ,難問思考時の頭部前傾姿勢と頸部筋（僧帽筋）の筋緊張,人が難しい計算やパズルに集中している時の姿勢と筋肉の緊張を測る実験です。人間は画面や問題に過度に集中して精神的なストレス（認知負荷）がかかると、無意識に頭がスッと前に出てしまい（ストレートネック状態）、それに伴って首から肩にかけての筋肉（僧帽筋）の緊張が跳ね上がり、強い筋疲労を起こすことが確認されています。,「うーん、上手い掛詞が見つからない…」と紙やスマホを睨みつけている時、あなたの頭は前に突き出て、肩の筋肉はガチガチに緊張しています。この身体の「こわばり」は脳へのストレス信号となり、かえって柔軟な発想を邪魔してしまいます。なぞかけに行き詰まったら、まずは頭の位置を背骨の上に戻すことが先決です。,精神的ストレス（認知課題）が僧帽筋の筋活動と姿勢に与える影響についての生体力学・筋電図研究,1989年〜1990年代にかけて,ウルフ・ルンドベリ（Ulf Lundberg）らの研究グループ
14.2,第3部：環境・身体・コミュニケーション（外部との相互作用）,第14章：姿勢・重心・身体バランスへのアプローチ,アハ体験時の快情動と「姿勢のリセット（背筋が伸びる）」現象の理論的統合,脳科学の研究（ビーマンら）では、問題が解けて「わかった！（アハ体験）」となった瞬間、脳の右半球（前上側頭回）が発火し、深い安堵感と強烈な快感（報酬系の刺激）が生まれることが実証されています。一方、身体心理学の研究（ウォルボットら）では、喜びや誇りといったポジティブな感情が、無意識のうちに姿勢を上に向かせ、背筋が伸びる「姿勢の拡張」をもたらすことが示されています。,「その心は！」と見事なオチをひらめいた瞬間、人はうつむいたままではいられません。これら2つの知見を統合すると、なぞかけでオチをひらめいた際の脳の強烈な快感が、肩や背中のこわばりを一瞬でリセットし、物理的にも無意識の「胸を張った姿勢（姿勢の拡張）」を引き起こすと考えられます。なぞかけによるアハ体験は、精神だけでなく姿勢まで「ととのえる」効果があると言えます。,洞察（アハ体験）時の生理的反応（Beemanら）および、感情と姿勢の連動に関する「身体化された認知（Embodied Cognition）」の基礎研究,1998年〜2000年代,マーク・ビーマン（Mark Beeman）ら、およびハラルド・ウォルボット（Harald Wallbott）
14.3,第3部：環境・身体・コミュニケーション（外部との相互作用）,第14章：姿勢・重心・身体バランスへのアプローチ,バランスボール上でのなぞかけ解答が認知負荷に与える影響,不安定なバランスボードやバランスボールの上で姿勢を保ちながら、記憶や計算のテスト（認知課題）を同時に行わせる「デュアルタスク（二重課題）」の実験です。姿勢を保つためだけに脳の「注意力（認知リソース）」がかなり奪われてしまうため、座っている時に比べてテストの成績が著しく落ちたり、答えるまでに時間がかかったりすることが分かっています。,バランスボールに乗りながらなぞかけを解こうとすると、脳のメモリの半分が「転ばないように筋肉を調整すること」に使われてしまいます。「2つの言葉の意味を比べる」という高度な処理をするためのメモリが足りなくなるため、簡単な問題でも全くオチが思い浮かばなくなるという脳のフリーズ現象が起きます。,姿勢制御と認知タスクの二重課題干渉（Dual-task interference）に関する研究,2002年など,マージョリー・ウーラコット（Marjorie Woollacott）とアン・シュムウェイ・クック（Anne Shumway-Cook）
14.4,第3部：環境・身体・コミュニケーション（外部との相互作用）,第14章：姿勢・重心・身体バランスへのアプローチ,歩行リズムとなぞかけの「掛詞」発想の連動,「座っている人」と「ルームランナーで歩いている人」に、新しいアイデアを出す創造力テスト（拡散的思考テスト）を行わせたスタンフォード大学の有名な実験です。歩いている人は、座っている人に比べて創造的なアイデアの産出量が平均60%も増加しました。一定のリズムで歩くという自動的な運動が、脳の「デフォルトモードネットワーク（DMN：ぼんやりしている時に活発になるアイデア生成の回路）」を強く活性化させるためです。,机に向かってウンウン唸っても、なぞかけは出てきません。行き詰まったら、外に出て一定のテンポで散歩をしてみてください。「イチ、ニ、イチ、ニ」という歩行のリズムに身体を任せていると、脳の警戒が解けてDMNがオンになり、全く関係ない景色と言葉が突然結びつく「ひらめきのゴールデンタイム」が訪れます。,歩行が創造的思考に与えるポジティブな影響についての研究（Give your ideas some legs）,2014年,マリリー・オペッツォ（Marily Oppezzo）とダニエル・シュワルツ（Daniel Schwartz）
14.5,第3部：環境・身体・コミュニケーション（外部との相互作用）,第14章：姿勢・重心・身体バランスへのアプローチ,利き手・非利き手での解答書き出しが脳の活性化領域に与える違い,人に文章を考えさせながら、それを「利き手」で書かせる場合と「非利き手（普段使わない手）」で書かせる場合を比較した認知心理学の実験です。非利き手を使うと、「文字をどう書くか（運動の実行）」に脳のワーキングメモリが極端に消費されてしまうため、文章のアイデアそのものの質が劇的に低下し、言葉が出てこなくなることが確認されています。,もしあなたが右利きで、左手でペンを持ってなぞかけを作ろうとしたら、おそらく一つも作れません。「この漢字はどう書くんだっけ？」「手が震える」という運動のコントロールに脳がパニックを起こし、同音異義語を探す余裕など完全に消え去ってしまうからです。道具を「無意識に」使える状態（自動化）でなければ、高度な思考はできないということです。,文章作成（テキスト産出）におけるワーキングメモリの制約と運動実行の干渉に関する研究,2001年など,ロナルド・ケロッグ（Ronald Kellogg）らの研究グループ
14.6,第3部：環境・身体・コミュニケーション（外部との相互作用）,第14章：姿勢・重心・身体バランスへのアプローチ,認知負荷と感情変化の統合モデル：ひらめき時の重心動揺の予測,マイケル・ライリーらの研究では、暗算など脳に強い認知的負荷がかかると、人は無意識に姿勢制御を硬直化させることが示されています。一方でジョン・スティンズらの研究では、感情的な覚醒が姿勢の変動（接近・回避・フリーズ等）をもたらすことが分かっています。,これら二つの知見を統合すると、なぞかけを解く際の身体の変化を強く推測できます。「〇〇とかけて…」と悩む認知負荷の高い状態では、無意識に息を詰め全身のバランスを硬直させています。しかし、見事なオチをひらめき「わかった！」と脳に快感が走った瞬間、交感神経の緊張が緩和し、足裏の重心がわずかにフワッと移動する（姿勢のリリースが起きる）と考えられます。ひらめきの「アハ体験」は、姿勢の硬直と緩和という物理的な変化を伴う可能性が高いのです。,認知的負荷および感情的覚醒が姿勢制御（重心動揺）に与える影響のフォースプレート研究,1999年（認知負荷の研究）、2011年（感情と姿勢制御の研究）,マイケル・ライリー（Michael Riley）ら ／ ジョン・スティンズ（John Stins）ら
14.7,第3部：環境・身体・コミュニケーション（外部との相互作用）,第14章：姿勢・重心・身体バランスへのアプローチ,仰向け姿勢でのなぞかけ思考における解決速度の向上と神経化学的変化,被験者を「立ったまま」と「ベッドに仰向けに寝たまま」の2グループに分け、文字の並び替えパズル（アナグラム問題）を解かせる実験を行いました。結果は、「仰向けに寝た状態」の方が、洞察問題を解くスピードが圧倒的に速かったのです。これは、仰向けになることで重力に逆らう筋肉（抗重力筋）が完全にオフになり、脳内のノルアドレナリン（緊張・警戒のホルモン）の分泌が低下することで、脳がリラックスし、幅広いアイデアを結びつけやすくなるためと考えられています。,なぞかけは、論理的なパズルというより、遠く離れた言葉同士を結びつける「連想ゲーム」です。立ったり座ったりして「さあ考えるぞ！」と身構えるよりも、ソファに仰向けにゴロンと寝転がった方が、過度な覚醒や注意の狭窄が防がれ、思いもよらない「上手い掛詞」がフワフワと降りてきやすくなります。,姿勢（仰向けと立位）が洞察問題（アナグラム）の解決速度に与える影響についての研究（Thinking on your back）,2005年,ダレン・リプニツキ（Darren Lipnicki）とドン・バーン（Don Byrne）
14.8,第3部：環境・身体・コミュニケーション（外部との相互作用）,第14章：姿勢・重心・身体バランスへのアプローチ,貧乏ゆすりのリズムと謎解きの焦燥感（交感神経活動）の相関,人が難しい課題に行き詰まった時や退屈な時に出る「貧乏ゆすり」などの無意識の動き（代替行動）を測定した研究です。貧乏ゆすりは単なる行儀の悪さではなく、脳が「ストレスでパンクしそう（覚醒しすぎ）」または「集中力が切れそう（覚醒が低すぎ）」な時に、体をリズミカルに動かすことで、脳の覚醒レベルを最適な状態に保とうとする神経系の安全装置（自己調整メカニズム）であることが分かっています。,「あと少しで上手いオチが繋がりそうなのに、言葉が出てこない！」という時、脳には強いストレス（焦燥感）がかかります。この時、貧乏ゆすりをすることで、脳はオーバーヒートを防ぎ、なぞかけに対する集中力をギリギリのところで維持しています。なぞかけ中の貧乏ゆすりは、脳が必死に答えを探している頑張りのサインなのです。,認知的負荷・退屈時における代替行動（微細不随意運動）による覚醒水準調整の研究,2013年など,J.S.A. カリエール（J.S.A. Carriere）、J.A. チェイニー（J.A. Cheyne）らの研究グループ
14.9,第3部：環境・身体・コミュニケーション（外部との相互作用）,第14章：姿勢・重心・身体バランスへのアプローチ,逆転のポーズ直後の自律神経反射となぞかけ解答能力,ヨガの逆立ち（シルシャーサナ）や、宇宙医学で使われる「頭部下垂位（HDT）」を用いた生理学実験です。頭を下にすると、首の血管にあるセンサー（頸動脈洞などの圧受容器）が血圧の変動を瞬時に検知します。人間の脳には血流量を一定に保つ「脳血流自動調節能」があるため、血液が物理的にただ流れ込むのではなく、自律神経系に対して強力な反射的介入が行われます。この自律神経の強制的なリセットにより、起き上がった直後に一時的に意識が覚醒し、気分がリフレッシュする効果が確認されています。,ずっと座ってなぞかけを考えていて「頭が回らなくなったな」と感じたら、少しだけ頭を下げて（ヨガのダウンドッグや前屈など）みてください。この姿勢による血圧変動を利用して自律神経系を反射的にリセットさせることで、淀んでいた思考のループが断ち切られ、覚醒状態が切り替わることで、全く新しい視点から「その心は！」とひらめくきっかけになります。,頭部下垂位（HDT：Head-Down Tilt）および逆転のポーズにおける脳循環と自律神経の生理学的変化に関する研究,2004年（ヨガの血流研究）や1990年代〜（宇宙医学のHDT研究）,リナド・ミンヴァレーエフ（Rinad Minvaleev）ら（ヨガの生理学）、および航空宇宙医学の研究グループ
14.1,第3部：環境・身体・コミュニケーション（外部との相互作用）,第14章：姿勢・重心・身体バランスへのアプローチ,両腕の交差（腕組み）がなぞかけ解答の忍耐力とパフォーマンスに与える影響,「身体化された認知（体の動きが思考を作る）」の有名な実験です。被験者を「腕組みをして問題を解くグループ」と「手を太ももに置いて解くグループ」に分けました。すると、腕組みをしたグループは、ひらめきを要する難しい洞察問題（アナグラムなど）に対して諦めずに粘り強く取り組む（忍耐力が上がる）傾向が強くなり、結果として正答率（パフォーマンス）が有意に向上することが報告されています。,腕組みは、脳に対して「困難に立ち向かうぞ」という忍耐力や不屈の精神を誘発させるポーズです。なぞかけは、最初のアプローチが通用せず、意味のネットワークを粘り強く探索し続けなければならない難しい言葉のパズルです。簡単に諦めてしまいそうな時は、あえて腕組みをしてウンウン唸ってみてください。身体から送られる「粘り強さ」のサインが脳に働きかけ、結果的に見事な掛詞をひらめくまで思考を継続する強力なサポートとなってくれます。,身体的姿勢（腕組み）が課題への固執性とパフォーマンスに与える影響についての研究（The effect of arm crossing on persistence and performance）,2008年,ロン・フリードマン（Ron Friedman）とアンドリュー・エリオット（Andrew Elliot）
15.1,第3部：環境・身体・コミュニケーション（外部との相互作用）,第15章：高次感情・社会生理学・生体同期へのアプローチ,スベった時の「共感性羞恥」による聴衆の自律神経の乱れ（心拍数の一過性上昇）,他人が大勢の前で大失敗している（音痴な歌を歌う、転ぶなど）映像を見せ、見ている人の脳活動や心拍数、発汗を測定した実験です。自分は安全な場所にいるにもかかわらず、脳の「痛み」を感じるエリア（前帯状皮質や島皮質）が激しく活動し、映像の中の人物と同じように冷や汗をかき、心拍数が跳ね上がるという「痛みの共有現象（共感性羞恥）」が起こることが確認されました。,「整いました！」と自信満々に言った出題者のオチが、まったく意味不明で会場が静まり返った時。聞いている側は「自分はスベっていない」のにもかかわらず、出題者の社会的ピンチを脳が自分事として察知し、無意識に心拍数が上がり、変な汗をかいてしまいます。スベったなぞかけは、空間にいる全員の自律神経を強制的に乱すほどの破壊力を持っているのです。,他者の社会的失敗を観察した際の共感的羞恥（Fremdschämen）に関するfMRI研究（Your flaws are my pain）,2011年,ゼーレン・クラッハ（Sören Krach）、フリーダー・パウルス（Frieder Paulus）らの研究グループ
15.2,第3部：環境・身体・コミュニケーション（外部との相互作用）,第15章：高次感情・社会生理学・生体同期へのアプローチ,「お約束」のオチがもたらす予測報酬誤差のゼロ化と安心感,脳の快楽物質「ドーパミン」がいつ出るかを調べた有名な実験です。ドーパミンはご褒美をもらった時だけでなく、「この後、ご褒美が来るぞ」と予測した時にも出ます。予測より良い結果（予測報酬誤差がプラス）だとドーパミンは爆発的に増え（大爆笑）ますが、逆に完全に予測通りの結果（お約束）だった場合、ドーパミンの追加の爆発は起きず、ベースラインの活動が静かに維持されることが分かっています。,誰でも結末が読める「お約束のなぞかけ」を聞いた時、私たちは腹を抱えて笑うわけではありません。しかし、脳内では「ほら、やっぱりそのオチだ！」と予測がピタリと当たる（予測誤差がゼロになる）ことで、「世界が自分の予測（内部モデル）通りである」という認知的な確認作業が行われます。この予定調和のオチは、脳にとって「世界は予測可能で安全だ」と再確認するための、心地よい安心感をもたらしてくれるのです。,脳内報酬系における予測報酬誤差（Reward Prediction Error）とドーパミン神経細胞の活動モデル,1997年（基礎モデルの発表）,ウォルフラム・シュルツ（Wolfram Schultz）ら
15.3,第3部：環境・身体・コミュニケーション（外部との相互作用）,第15章：高次感情・社会生理学・生体同期へのアプローチ,複数人での「なぞかけ数珠つなぎ」における参加者の脳波（ガンマ波）の同期現象,複数の人が同時に脳波計をつけ（ハイパースキャンニング）、会話をしたり協力してリズムを合わせるゲームをしたりする時の脳波を測定した実験です。互いの息がピタリと合ってスムーズなコミュニケーションが取れている時、別々の人間であるはずの参加者同士の脳波（特に高度な認知活動を示すガンマ波など）が、まるでBluetoothで繋がったかのように同じ波形で同期（シンクロ）する現象が確認されました。,数人でテンポ良く「なぞかけ」を掛け合っている時、参加者の脳内では文字通り「脳波のシンクロ」が起きています。相手のお題を聞き、瞬時に考え、オチを返す。このリズミカルなラリーが続いている時、参加者たちは単なる言葉遊びを超えて、脳のネットワークレベルで深く繋がる「言葉のセッション」を楽しんでいる状態と言えます。,社会的相互作用（コミュニケーション）中の脳波ハイパースキャンニング（Hyper-scanning）による脳間同期の研究,2010年,ギヨーム・デュマ（Guillaume Dumas）らの研究グループ
15.4,第3部：環境・身体・コミュニケーション（外部との相互作用）,第15章：高次感情・社会生理学・生体同期へのアプローチ,AIが作ったなぞかけと人間が作ったなぞかけを区別する際の生体反応,被験者にゲームやクイズを行わせ、相手が「人間」だと伝えた場合と「コンピュータ（AI）」だと伝えた場合で脳の反応を比較する実験です。相手が「人間」だと思っている時だけ、脳は「相手の意図や心を読もうとするエリア（内側前頭前野）」を活発に働かせ、結果が出た時の報酬系の喜びも大きくなります。相手が「AI」だと知っていると、この「心を読むエリア」は沈黙したままであることが分かっています（意図の姿勢）。,AIが作った完璧ななぞかけと、人間が一生懸命ひねり出したなぞかけ。オチの言葉が全く同じだったとしても、「これは人間が考えた」と知っている時だけ、私たちは無意識に「どうやってこれを思いついたんだろう？」「ドヤ顔で言ってるな」と作者の心（意図）を想像し、より強い面白さや愛嬌を感じます。私たちがなぞかけで楽しんでいるのは、言葉の構造そのものよりも「人間臭さ」なのです。,人間とコンピュータ（AI）との相互作用における「意図の姿勢（Intentional Stance）」と内側前頭前野の活動に関するfMRI研究,2002年（Gallagher）、2008年（Krach）,ヘレン・ギャラガー（Helen Gallagher）とクリス・フリス（Chris Frith）ら ／ ゼーレン・クラッハ（Sören Krach）ら
15.5,第3部：環境・身体・コミュニケーション（外部との相互作用）,第15章：高次感情・社会生理学・生体同期へのアプローチ,嫉妬の生理学：他人の見事ななぞかけに感心しつつ悔しさを感じる際の脳の葛藤,被験者に「自分よりも優れた人物（学歴が高く、お金持ちでモテるなど）」のプロフィールを読ませ、嫉妬を感じている時の脳活動をfMRIでスキャンした有名な研究です。人が「羨ましい、悔しい（嫉妬）」と感じている時、脳内で活発になるのは「身体的な痛み」を感じるのと同じエリア（前帯状皮質）でした。強烈な感心と嫉妬は、脳にとって物理的に「痛い」ことなのです。,他の人があまりにも見事ななぞかけを披露した時、「すごい！面白い！」という快感（報酬系）が作動する一方で、「どうして自分はこれを思いつけなかったんだ」という激しい悔しさが脳の「痛みセンター」を同時に刺激します。大喜利やなぞかけの達人同士が抱く「上手い！（でも悔しい！）」という複雑な感情は、快楽と痛みが脳内で同時にスパークしている極めて高度な感情処理の結果なのです。,嫉妬（Envy）と他人の不幸を喜ぶ感情（Schadenfreude）の神経基盤に関するfMRI研究（When Your Gain Is My Pain and Your Pain Is My Gain）,2009年,高橋英彦（当時・放射線医学総合研究所／京都大学）らの研究グループ
15.6,第3部：環境・身体・コミュニケーション（外部との相互作用）,第15章：高次感情・社会生理学・生体同期へのアプローチ,嫉妬の生理学：他人の見事ななぞかけに感心しつつも悔しさを感じる際の脳の葛藤,被験者に「自分より優れている人（羨ましい人）」のプロフィールを読ませ、脳活動をfMRIで観察した有名な実験です。人が強烈な「嫉妬や悔しさ」を感じている時、脳内で活発になるのは、転んで怪我をした時などに「身体的な痛み」を感じるのと同じエリア（前帯状皮質）でした。強烈な感心と嫉妬は、脳にとって物理的に「痛い」ことなのです。,ライバルがあまりにも見事ななぞかけを披露した時、「すごい！面白い！」という快感（報酬系）が作動する一方で、「どうして自分はこれを思いつけなかったんだ！」という激しい悔しさが脳の「痛みセンター」を同時に刺激します。大喜利の達人たちが抱く「上手い！（でも悔しい！）」という複雑な感情は、快楽と痛みが脳内で同時にスパークしている、非常に高度な人間らしい感情処理の結果なのです。,嫉妬（Envy）と他人の不幸を喜ぶ感情（Schadenfreude）の神経基盤に関するfMRI研究（When Your Gain Is My Pain and Your Pain Is My Gain）,2009年,高橋英彦（当時・放射線医学総合研究所／京都大学）らの研究グループ
15.7,第3部：環境・身体・コミュニケーション（外部との相互作用）,第15章：高次感情・社会生理学・生体同期へのアプローチ,なぞかけの「お題」提示から解答までの沈黙時間における聴衆の息合わせ（呼吸の同調）,劇場で同じ舞台や映画を見ている観客の心拍数や呼吸、発汗を同時に測定した「集団の生理学的同期」の実験です。観客が同じストーリーに引き込まれ、同じタイミングで「次どうなるんだ？」と緊張して注目している時、互いに会話もしていない赤の他人同士の呼吸のリズムや心拍の波が、まるで一つの生き物のようにピタリと同調（シンクロ）していくことが確認されています。,「〇〇とかけて、なんと解く？」とお題が出され、「その心は…」と演者が溜めている数秒間の沈黙。この時、会場にいる観客は固唾を飲んでオチを待っています。この「共通の期待と緊張」が、会場にいる数十〜数百人の呼吸の波を無意識に一つに束ねます。名人のなぞかけは、言葉だけでなく「空間の呼吸」すらも支配しているのです。,ライブパフォーマンス（演劇や映画）鑑賞中の観客間における心拍・呼吸・皮膚コンダクタンスの同期現象（Physiological synchrony in audiences）,2017年など,ダニエル・C・リチャードソン（Daniel C. Richardson）らの研究グループ（ユニバーシティ・カレッジ・ロンドン）
15.8,第3部：環境・身体・コミュニケーション（外部との相互作用）,第15章：高次感情・社会生理学・生体同期へのアプローチ,方言によるなぞかけ（マザータング）が引き起こす強い情動的興奮と交感神経系の覚醒,バイリンガルや方言話者を対象に、「標準語（または第二言語）」と「慣れ親しんだ母語・方言」を聞いた時の感情や自律神経の反応（皮膚伝導反応など）を比べた実験です。幼い頃から家族と使っていた「母語・方言（マザータング）」で言葉を聞いたり話したりする時の方が、脳の感情中枢が直接的に強く揺さぶられ、交感神経系の活動（情動的興奮）が有意に高まることが実証されています。,テレビ向けのよそ行きの「標準語」で作られたなぞかけは、頭では理解できても、どこか冷静に聞いてしまいがちです。しかし、地元の慣れ親しんだ「方言」のイントネーションや単語を使ってなぞかけを掛け合うと、言葉の響きそのものが脳の感情ネットワークを直接刺激します。方言によるなぞかけは、表面的な言葉遊びを超えて、聞き手に深い「情動的興奮（交感神経の覚醒）」をもたらし、よりパワフルで心を揺さぶる笑いを生み出すのです。,母語（第一言語・方言）と第二言語における感情的反応性（皮膚伝導反応）の違いについての心理生理学的研究,2003年〜2006年にかけて,キャサリン・ハリス（Catherine Harris）らの研究グループ
15.9,第3部：環境・身体・コミュニケーション（外部との相互作用）,第15章：高次感情・社会生理学・生体同期へのアプローチ,高齢者同士のなぞかけコミュニケーションにおける「アイコンタクト」の頻度とオキシトシン分泌,親しい人同士で会話を楽しんだり、しっかりとお互いの目を見つめ合ったり（アイコンタクト）した前後の血液や唾液を調べる実験です。好意を持つ相手と目線を合わせてコミュニケーションをとることで、脳内から「オキシトシン（絆ホルモン・幸せホルモン）」が大量に分泌されます。このホルモンは、孤独感やストレスを劇的に和らげ、他者への信頼感を高める効果があります。,地域の集まりなどで、高齢者同士が「どうだ！」とお互いの目を見ながらなぞかけを出し合い、笑い合うこと。これは単なる暇つぶしではなく、目を合わせるごとに脳内で「オキシトシン」をシャワーのように浴びる強力なホルモン療法です。目を見て言葉で遊ぶことが、社会的孤立を防ぎ、心のつながり（絆）を物理的に強くしてくれます。,社会的相互作用（アイコンタクトやスキンシップ）に伴うオキシトシン分泌とストレス緩衝効果に関する一連の研究,2000年代〜2010年代にかけて,ルース・フェルドマン（Ruth Feldman）ら、およびカースティン・ウヴナス・モベリ（Kerstin Uvnäs Moberg）ら
15.1,第3部：環境・身体・コミュニケーション（外部との相互作用）,第15章：高次感情・社会生理学・生体同期へのアプローチ,なぞかけの訓練による神経可塑性（脳ネットワークの機能的・構造的強化）,「人間の脳は、大人になっても特定の訓練を積めば物理的に変化するか？」を証明した非常に有名な研究です。ロンドンのタクシー運転手（複雑な市街地の地図を丸暗記する過酷な空間記憶訓練を積む）の脳をMRIでスキャンしたところ、空間ナビゲーションを司る脳の器官「海馬（かいば）」の後部が、一般人よりも大きく肥大していることが判明しました。脳は使えば使うほど、その領域の神経ネットワークが構造的・機能的に強化される「神経可塑性」を持っています。,タクシー運転手の海馬が過酷な空間記憶で物理的に変化したように、落語家やなぞかけ名人が過去の膨大な「お題」と「オチ」の意味的パターンを記憶し、瞬時に引き出す訓練を何年も続けていると、彼らの言語処理や意味記憶に関わる大脳皮質などの神経ネットワークが、物理的・機能的に強化（増築）されていると考えられます。なぞかけは、言葉と記憶をフル活用し、脳の神経可塑性を促進する強力な「脳の筋トレ」と言えます。,空間ナビゲーション（大規模な記憶訓練）がロンドンのタクシー運転手の海馬の構造（容積）に与える影響のMRI研究,2000年,エレノア・マグワイア（Eleanor Maguire）らの研究グループ
15.11,第3部：環境・身体・コミュニケーション（外部との相互作用）,第15章：高次感情・社会生理学・生体同期へのアプローチ,「笑い」が感染するメカニズム：笑い声による周囲のミラーニューロンの連鎖的発火,人が「他人の笑い声」を聞いた時、脳のどの部分が動くかをfMRIで調べた実験です。他人の楽しそうな笑い声を聞くと、面白いことを言われたわけでもないのに、脳の「自分が顔の筋肉を動かして笑うための準備をするエリア（運動前野）」が自動的に作動することが分かりました。脳は他人の笑い声をキャッチすると、無意識に「自分も笑う準備」をしてしまうのです。,誰かのなぞかけがツボに入り、会場の一人が「アハハ！」と声を上げて吹き出したとします。すると、その「笑い声」が音波として周囲の人の耳に入り、聞いた人たちの脳内（ミラーニューロン系）で「笑いのスイッチ」が勝手に連鎖発火していきます。なぞかけの面白さだけでなく、「隣の人が笑ったから、自分もつられて笑ってしまう」という生理的な「笑いの感染」が爆発を生むのです。,ポジティブな感情の声（笑い声など）が引き起こす脳の運動前野（ミラーニューロンシステム）の準備活動に関するfMRI研究,2006年,ソフィー・スコット（Sophie Scott）らの研究グループ（ユニバーシティ・カレッジ・ロンドン）
