文化名,発祥時代,概要説明,当事者,背景,攻撃,切り返し,評価ポイント,用語解説,引用元情報,編集方針
掛詞,平安時代,一つの音に二つ以上の意味を持たせ 自然の風景と人間の心情を同時に表現する多重意味の修辞技法,藤原行成 清少納言,行成が夜明け前に帰り 鶏の鳴き声に急かされたと言い訳をしたことへの贈答,行成「思いのほか早く鶏が鳴いてしまいまして」に対する清少納言「あの函谷関の偽りの鶏の鳴き声でしょうか」行成「いいえ 逢坂の関です」,清少納言「夜をこめて鳥のそら音ははかるともよに逢坂の関はゆるさじ（夜深く鶏の鳴き真似をして騙そうとしても この逢坂の関は決して開きませんよ）」,行成が「逢坂（逢う）」と掛詞で誘ったのに対し 清少納言が中国の故事を踏まえつつ「逢坂の関」を絶対に通さない（逢わない）と知的に拒絶した点,函谷関 孟嘗君 逢坂の関,枕草子,史実および原典に基づき 中高生が理解しやすいよう現代語訳および一部表現を加筆修正しています
掛詞,平安時代,一つの音に二つ以上の意味を持たせ 自然の風景と人間の心情を同時に表現する多重意味の修辞技法,藤原定頼 小式部内侍,歌合に参加する小式部内侍に対し 定頼が「代筆する母親がいる丹後国に使いは出しましたか」とからかった,定頼「お母様からの手紙はまだ来ませんか 歌合が近づいて心配でしょう」と公衆の面前で嫌味を言う,小式部内侍「大江山いく野の道の遠ければまだふみもみず天の橋立（大江山を越え生野を通る丹後への道は遠いので まだ母のいる天の橋立の地を踏んでもいませんし 手紙も見ていません）」,突然の侮辱に対し 即座に「生野（行く）」「踏み（手紙と足で踏む）」という複数の掛詞を織り交ぜた見事な和歌で反撃し 自身の歌才を証明した点,歌合 丹後国 大江山 天の橋立,十訓抄 金葉和歌集,史実および原典に基づき 中高生が理解しやすいよう現代語訳および一部表現を加筆修正しています
掛詞,平安時代,一つの音に二つ以上の意味を持たせ 自然の風景と人間の心情を同時に表現する多重意味の修辞技法,藤原兼家 藤原道綱母,夫の兼家が夜遅くに訪ねてきて門を開けるよう要求したが 妻は他の女性の元へ通う夫に不満を抱いていた,兼家「早く門を開けてくれ 夜露で濡れてしまう」と門を叩く,道綱母「嘆きつつひとり寝る夜の明くる間はいかに久しきものとかは知る（あなたが来るのを嘆きながら一人で寝る夜が明けるまでの時間が どれほど長く苦しいものかご存知ですか）」,「明くる間」に「夜が明ける」と「戸が開く」の掛詞を潜ませ 門を開けない理由を夫への知的で痛烈な批判として表現した点,蜻蛉日記 通い婚,蜻蛉日記 拾遺和歌集,史実および原典に基づき 中高生が理解しやすいよう現代語訳および一部表現を加筆修正しています
縁語,平安時代,特定の言葉に関連する語を和歌の中に散りばめ 表面上の情景とは別の裏の意味や余韻を構築する修辞技法,藤原道長 紫式部,道長が夜中に紫式部の部屋を訪れ 戸を叩いて開けさせようとした,道長「夜もすがら水鶏よりけに鳴く鳴くは真木の戸口にたたきつつのみ（水鶏のように泣きながら ずっとあなたの戸を叩いているのですよ）」,紫式部「ただならじとばかり叩く水鶏ゆゑ開けてはいかに悔しからまし（尋常ではない叩き方をする水鶏ですね もし開けてしまったら どれほど後悔したことでしょう）」,道長が用いた「水鶏」と縁語関係にある「叩く」の比喩をそのまま逆手に取り 開門を拒絶しつつも風流な和歌として完璧に応酬した点,水鶏 真木の戸,紫式部日記,史実および原典に基づき 中高生が理解しやすいよう現代語訳および一部表現を加筆修正しています
縁語,平安時代,特定の言葉に関連する語を和歌の中に散りばめ 表面上の情景とは別の裏の意味や余韻を構築する修辞技法,文屋康秀 小野小町,三河国に赴任する康秀が 都に残る小町に対し 地方へ一緒に行かないかと手紙で誘った,康秀「私の任地である三河の国へ一緒に下りませんか」と誘いをかける,小町「わびぬれば身をうき草の根を絶えて誘ふ水あらばいなむとぞ思ふ（落ちぶれて辛い我が身を 根の絶えた浮草のように感じています 誘ってくれる水があるなら どこへでも流れて行きましょう）」,「水」に関連する縁語「うき草」「根を絶え」「誘ふ水」を駆使し 相手の誘いを風流な自然の情景に仮託して美しく応じた知性,三河掾 浮草 古今和歌集,古今和歌集,史実および原典に基づき 中高生が理解しやすいよう現代語訳および一部表現を加筆修正しています
縁語,平安時代,特定の言葉に関連する語を和歌の中に散りばめ 表面上の情景とは別の裏の意味や余韻を構築する修辞技法,小野小町 僧正遍昭,小町が遍昭の寺に立ち寄り 宿を貸してほしいと頼んだ際の冗談交じりの贈答,小町「岩の上に旅寝をすればいと寒し苔の衣を我に貸さなむ（岩の上での旅寝は寒くてたまりません 僧侶であるあなたの苔の衣を貸してください）」,遍昭「世をそむく苔の衣はただ一重かさねばうとしいざふたり寝む（出家者の衣は一重しかありません 貸さないと薄情だと思われるので いっそ二人で一緒に寝ましょう）」,仏道修行の象徴である「苔の衣」に対し 衣服の縁語である「一重」「かさね 貸さね 重ね」を用いて 戒律を破るような大胆な冗談を機知として返した点,苔の衣 世をそむく,後撰和歌集,史実および原典に基づき 中高生が理解しやすいよう現代語訳および一部表現を加筆修正しています
連歌 付句,古代,一人が上の句を詠み もう一人がそれに続く下の句を即座に詠み足すことで 機転と連想能力を競う言葉遊び,ヤマトタケル 御火焼翁,東征の帰途 筑波山を過ぎたあたりでヤマトタケルが自らの行軍の日数を問いかける上の句を詠んだ,ヤマトタケル「新治筑波を過ぎて幾夜か寝つる（新治や筑波を過ぎてから 一体何日寝泊まりしただろうか）」,御火焼翁「日々並べて夜には九夜日には十日を（日数を並べてみますと 夜で九泊 昼で十日になります）」,皇子の投げかけた問いに対し 焚き火の番をしていた身分の低い老人が即座に正確な日数を韻律に乗せて返し その機転が称賛され褒美を与えられた点,東征 筑波山 連歌の起源,古事記 日本書紀,史実および原典に基づき 中高生が理解しやすいよう現代語訳および一部表現を加筆修正しています
連歌 付句,平安時代,一人が上の句を詠み もう一人がそれに続く下の句を即座に詠み足すことで 機転と連想能力を競う言葉遊び,藤原公任 清少納言,雪が降る中 公任が清少納言の教養を試すため 白居易の詩を踏まえた下の句を送りつけ それに合う上の句を作るよう求めた,公任「少し春ある心地こそすれ（まるで少し春が来たかのような気分がすることだ）」という下の句を突きつける,清少納言「空寒み花にまがへて散る雪に（空が寒く 桜の花びらのように錯覚して舞い散る雪によって）」,公任が中国の漢詩の情景を和歌に翻訳して試したのに対し 清少納言がその意図を瞬時に見抜き 見事な情景の上の句を付けて才能を認めさせた点,白氏文集 付句,枕草子,史実および原典に基づき 中高生が理解しやすいよう現代語訳および一部表現を加筆修正しています
連歌 付句,平安時代,一人が上の句を詠み もう一人がそれに続く下の句を即座に詠み足すことで 機転と連想能力を競う言葉遊び,源義家 安倍貞任,前九年の役の戦場にて 敗走する敵将の貞任に対して 追撃する義家が馬の上から上の句を投げかけて挑発した,義家「衣のたてはほころびにけり（お前の拠点である衣川の館は崩壊したぞ 衣の縦糸がほころびたようにな）」,貞任「年を経し糸の乱れの苦しさに（長年の戦乱で糸が乱れるように 苦しい状況が続いたからです）」,命がけの戦場の追撃戦において 敵将から投げかけられた「衣」「ほころび」という縁語を含む上の句に対し 振り返りざまに「糸」「乱れ」という縁語を重ねて見事に下の句を返した武将の教養,前九年の役 衣川の戦い 縁語,古今著聞集 陸奥話記,史実および原典に基づき 中高生が理解しやすいよう現代語訳および一部表現を加筆修正しています
難題と謎解き（文字・表記の機知）,平安時代,文字の読み方や表記のルールを逆手に取り 相手の仕掛けた罠や難題を解読して知性を競う言葉遊び,嵯峨天皇 小野篁,小野篁が内裏に立てられた「無悪善」という札を「嵯峨天皇がいなければ良い」と読んだため 天皇が怒り彼の学識を試す難題を出した,天皇は「子子子子子子子子子子子子」という12個の「子」からなる文字を書き これを読破できなければ処罰するという命がけの難題を突きつけた,篁は即座に「ねこのここねこ ししのここじし（猫の子小猫 獅子の子小獅子）」と淀みなく読み上げてみせた,「子」という漢字が持つ「ね」「こ」「し」という複数の訓読みと音読みをパズルのように組み合わせ 命がけの局面で瞬時に意味の通る言葉として解読した天才的な言語処理能力,嵯峨天皇 小野篁 宇治拾遺物語 無悪善,宇治拾遺物語,史実および原典に基づき 中高生が理解しやすいよう現代語訳および一部表現を加筆修正しています
難題と謎解き（文字・表記の機知）,平安時代,文字の読み方や表記のルールを逆手に取り 相手の仕掛けた罠や難題を解読して知性を競う言葉遊び,中宮定子 清少納言,定子から清少納言のもとに 山吹の花びらに「言はで思ふぞ」とだけ書かれた手紙が送られてきた,これは古今和歌集の「言ひつつ思ふぞ言はで思ふに」という和歌を前提とし 下半分の句を推測して気の利いた返答をせよという教養を試す謎掛け,清少納言はあえて正式な筆を使わず 手元にあった炭で「なほまさりけり」とだけ花びらに書き足して返送した,定子が意図した和歌の下の句「なほまさりけり」を瞬時に思い出し 正式な道具を使わず炭でラフに書き足すことで 教養の高さと主従の親密さを同時にアピールした粋な対応,枕草子 中宮定子 古今和歌集,枕草子,史実および原典に基づき 中高生が理解しやすいよう現代語訳および一部表現を加筆修正しています
難題と謎解き（文字・表記の機知）,平安時代,文字の読み方や表記のルールを逆手に取り 相手の仕掛けた罠や難題を解読して知性を競う言葉遊び,藤原道長 紫式部,道長が紫式部の局の前に咲いていた女郎花を一枝折り 彼女の几帳の隙間から無言で差し入れた,和歌を詠む代わりに美女を象徴する女郎花を無言で差し出すことで「この美しい花に応える気の利いた和歌を詠め」という高度な無言の圧力をかけた,紫式部「白露をえもはひあへぬ白菊におきまよはせる秋の初風（白露を払うこともできない白菊のような私に 女郎花を持ってきて心を迷わせる秋の風のようなあなたですね）」,無言の出題に対し「女郎花」を直接言葉にせず「白菊（身の程をわきまえた自分）」との対比を用い 相手の誘いを謙遜しながらも優雅に受け流した高度な比喩表現,紫式部日記 藤原道長 女郎花 几帳,紫式部日記,史実および原典に基づき 中高生が理解しやすいよう現代語訳および一部表現を加筆修正しています
文字配列の極限制約（折句・パングラム）,平安時代,特定の文字を句の先頭に配置したり 全ての文字を重複なく使い切るなど 厳しい数学的制約の下で詩歌を構築する言語ゲーム,在原業平 同行の友人,三河国八橋の沢に杜若が美しく咲き乱れていたのを見た際 同行の友人から和歌を詠むよう求められた,友人が「かきつばた」の五文字を五七五七七の各句の頭に置いて 都に残した妻への旅の郷愁を詠めという難題を課した,業平「から衣きつつなれにしつましあればはるばるきぬるたびをしぞ思ふ（何度も着て身に馴染んだ唐衣のように 慣れ親しんだ妻が都にいるので はるばる遠くまでやって来た旅の侘しさを深く思うことだ）」,「か・き・つ・ば・た」の文字を先頭に配置する折句のルールを厳守しつつ「唐衣・着・慣れ・褄・張る」という衣服の縁語を織り込み 完璧な望郷の歌を即興で完成させた計算力,伊勢物語 折句 縁語 八橋,伊勢物語,史実および原典に基づき 中高生が理解しやすいよう現代語訳および一部表現を加筆修正しています
文字配列の極限制約（折句・パングラム）,平安時代,特定の文字を句の先頭に配置したり 全ての文字を重複なく使い切るなど 厳しい数学的制約の下で詩歌を構築する言語ゲーム,源順 自身の知性,和歌の技巧が極まった平安中期 源順は自らの言語能力の限界に挑むため 前代未聞の言語的制約を自らに課した,万物を示す「あめつちほしそら やまかはみねたに…」の48文字を重複なく使い かつそれを和歌の各句の頭に順番に配置して48首の歌を連続で詠むという超高難度のセルフ出題,「あらいそにめぐるしほふねつをやまのちかきわたりにほをひきにけり（あ・め・つ・ち・ほ）」など 48の文字制約を一つも違えることなく全48首を破綻なく詠み上げた,現代の暗号やプログラム制約にも等しい異常な文字配置ルールを厳守しながら 自然の情景を美しく描写し 狂気的なまでの語彙力と論理的構築力を証明した点,源順 あめつちの詞 拾遺和歌集 パングラム,拾遺和歌集,史実および原典に基づき 中高生が理解しやすいよう現代語訳および一部表現を加筆修正しています
文字配列の極限制約（折句・パングラム）,平安時代,特定の文字を句の先頭に配置したり 全ての文字を重複なく使い切るなど 厳しい数学的制約の下で詩歌を構築する言語ゲーム,詠み人知らず 仏教教理,仏教の深遠な教理である涅槃経の「諸行無常 是生滅法 生滅滅已 寂滅為楽」を 日本固有の仮名文字で表現しようとした,当時の仮名47文字を一切重複させずに一度ずつ使い切り ながら 七五調の完璧な韻律で意味の通る詩として仏教の真理を表現するという 極限のパズル的制約,「いろはにほへとちりぬるを わかよたれそつねならむ うゐのおくやまけふこえて あさきゆめみしゑひもせす」という形でこの制約を完璧にクリアした,重複を許さない47文字の使い切りという数学的パズルをクリアしつつ 単なる言葉の羅列ではなく「無常観」という哲学的な意味を与え 後世の仮名手本の標準を打ち立てた言語構築の奇跡,いろは歌 パングラム 涅槃経 諸行無常,いろは歌,史実および原典に基づき 中高生が理解しやすいよう現代語訳および一部表現を加筆修正しています
教養と連想による秀句（当意即妙の応酬）,平安時代,中国の漢詩や故事の知識を前提とし 相手からの問いかけに対して言葉や行動で当意即妙に切り返すことで知性を競う文化,中宮定子 清少納言,雪が深く降った日 中宮定子が「少納言よ 香炉峰の雪はどのようであろうか」と突然問いかけた,これは白居易の漢詩「香炉峰の雪は撥簾（すだれをかかげて）看る」という一句を知っているか そしてそれをどう行動で示すかという教養を試す抜き打ちテスト,清少納言は何も言わず 侍女たちに命じて御格子を上げさせ さらに御簾を高く巻き上げて外の雪の景色を定子に見せた,漢詩の知識を言葉ではなく「御簾を巻き上げる」という優雅なアクションのみで即座に示し 主君の知的な遊び心に完璧に同調してみせたパフォーマンス力,香炉峰の雪 白居易 白氏文集 枕草子,枕草子,史実および原典に基づき 中高生が理解しやすいよう現代語訳および一部表現を加筆修正しています
教養と連想による秀句（当意即妙の応酬）,平安時代,中国の漢詩や故事の知識を前提とし 相手からの問いかけに対して言葉や行動で当意即妙に切り返すことで知性を競う文化,藤原斉信 清少納言,斉信が清少納言の局の前を通りがかり 白居易の漢詩の一節「蘭省の花の時 錦の帳の下」とだけ声をかけてきた,続く下の句「廬山の雨の夜 草の庵の中」をどう返すか しかも清少納言は宮中の粗末な局にいたため その状況に合わせてどう秀句を返すかという挑戦,清少納言は即座に「草のいほりを誰かたづねむ（このような粗末な草の庵を 一体誰が訪ねてくれるでしょうか）」と 和歌の下の句の形式に変換して返した,漢詩の対句の知識を持っていることを示しつつ それを和歌の下の句（七七）に翻訳し 自らの粗末な部屋を「廬山の草庵」に見立てて謙遜する高度な対応,白氏文集 蘭省花時錦帳下 秀句 枕草子,枕草子,史実および原典に基づき 中高生が理解しやすいよう現代語訳および一部表現を加筆修正しています
教養と連想による秀句（当意即妙の応酬）,平安時代,中国の漢詩や故事の知識を前提とし 相手からの問いかけに対して言葉や行動で当意即妙に切り返すことで知性を競う文化,藤原頼長 源頼政,源頼政が宮中を騒がせる怪物である鵺を退治した際 左大臣の頼長から褒美の剣を下賜されることになった ちょうどその時 ほととぎすが鳴いた,頼長は鳴き声に掛けて「ほととぎす名も雲井まであぐるかな（ほととぎすが空高く鳴くように あなたの名声も宮中まで上がったことだ）」と上の句を詠みかけ 武士である頼政に知的な返答を求めた,頼政は即座に「弓はり月のいるにまかせて（私はただ 弓張月のように弓を射ただけのことです）」と下の句を返し 剣を受け取った,武功を褒め称える上の句に対し「射る」と「入る（月が沈む）」の掛詞を用い 自身の武術の腕前をひけらかすことなく謙遜して見せた武将の完璧な教養,源頼政 鵺退治 藤原頼長 掛詞 平家物語,平家物語,史実および原典に基づき 中高生が理解しやすいよう現代語訳および一部表現を加筆修正しています
秀句（当意即妙の機知）,平安時代,中国の漢詩や和歌の知識を前提とし 相手からの突然の問いかけや皮肉に対して 機転の利いた言葉や行動で即座に切り返す知的なコミュニケーション,紫式部 藤原公任,宮中の宴の席で 酔った公任が 障子の奥にいる紫式部に対して 彼女の著書である源氏物語を踏まえた冗談を投げかけた,公任は「あなかしこ このわたりに若紫やさぶらふ（失礼ですが この辺りに美しい若紫姫はいらっしゃいますか）」と 粋なからかいの言葉をかけた,紫式部は「光源氏に似るべき人も見えたまはぬに かかるゆかりの尋ねおはしますらん（ここに光源氏のような立派な方は見当たりませんのに どうして若紫がいるでしょうか）」と即答した,相手の物語を踏まえた冗談に対し 瞬時に「あなたは光源氏ではない」と物語の世界観を維持したまま痛烈な皮肉で返し 相手の軽薄な態度を知的にあしらった点,紫式部日記 藤原公任 若紫 光源氏,紫式部日記,史実および原典に基づき 中高生が理解しやすいよう現代語訳および一部表現を加筆修正しています
秀句（当意即妙の機知）,平安時代,中国の漢詩や和歌の知識を前提とし 相手からの突然の問いかけや皮肉に対して 機転の利いた言葉や行動で即座に切り返す知的なコミュニケーション,伊勢大輔 藤原道長,奈良から献上された見事な八重桜を 中宮彰子に献上する役目を 新人の伊勢大輔が紫式部から急遽譲り受けた際のこと,道長が「ただ受け取るだけでなく 早くこの桜にふさわしい和歌を即興で詠みなさい」と 新人に対して公衆の面前で抜き打ちのテストを強要した,伊勢大輔は「いにしへの奈良の都の八重桜けふ九重ににほひぬるかな（古都奈良で咲いていた八重桜が 今日はこの九重の宮中でひときわ美しく咲き誇っています）」と淀みなく詠み上げた,突然の無茶振りに対し「八重（奈良の桜）」と「九重（宮中）」という数字の鮮やかな対比を瞬時に織り込み 場にふさわしい完璧な祝賀の和歌を即興で完成させた天才的な閃き,伊勢大輔 八重桜 九重 中宮彰子 詞花和歌集,詞花和歌集,史実および原典に基づき 中高生が理解しやすいよう現代語訳および一部表現を加筆修正しています
秀句（当意即妙の機知）,平安時代,中国の漢詩や和歌の知識を前提とし 相手からの突然の問いかけや皮肉に対して 機転の利いた言葉や行動で即座に切り返す知的なコミュニケーション,紀貫之 長谷寺の宿の主人,紀貫之が長谷寺参詣の際 以前よく泊まっていた馴染みの宿に久しぶりに立ち寄った時の 宿の主人との言葉の応酬,主人は「かくあまたの年ごろえおはしまさざりつるに この宿はなどかおはしまさざりつると（こんなに長年いらっしゃらなかったのに あなたの宿は昔のままありますよ）」と 長い間来なかったことを皮肉った,貫之は無言で梅の花を一枝折り「人はいさ心も知らずふるさとは花ぞ昔の香ににほひける（人の心は変わってしまったか分かりませんが 馴染みのこの地の梅の花だけは 昔と同じ良い香りで咲いていますね）」と詠んで返した,「あなたの心こそ冷たくなったのではないか」という相手の嫌味に対し 相手を直接非難せず 梅の香りの普遍性を讃えることで お互いの長年の空白期間を優雅な和歌の贈答へと昇華させた点,紀貫之 長谷寺 古今和歌集,古今和歌集,史実および原典に基づき 中高生が理解しやすいよう現代語訳および一部表現を加筆修正しています
難題と謎掛け（謎合わせの源流）,平安時代,相手に対して解読困難な暗号や 一部を隠した和歌などの難題を突きつけ それをいかに美しく論理的に解くかを競う高度なパズル的言葉遊び,小野篁 嵯峨天皇,小野篁が内裏に立てられた「無悪善」という札を「嵯峨天皇がいなければ良い」と読んだため 天皇が怒り彼の学識を試す難題を出した,天皇は「子子子子子子子子子子子子」という12個の「子」からなる文字を書き これを意味の通る言葉として読破できなければ処罰するという命がけの謎を突きつけた,篁は即座に「ねこのここねこ ししのここじし（猫の子小猫 獅子の子小獅子）」と淀みなく読み上げてみせた,「子」という漢字が持つ「ね」「こ」「し」という複数の訓読みと音読みをパズルのように組み合わせ 命がけの局面で瞬時に意味の通る言葉として解読した天才的な言語処理能力,小野篁 嵯峨天皇 宇治拾遺物語 無悪善,宇治拾遺物語,史実および原典に基づき 中高生が理解しやすいよう現代語訳および一部表現を加筆修正しています
難題と謎掛け（謎合わせの源流）,平安時代,相手に対して解読困難な暗号や 一部を隠した和歌などの難題を突きつけ それをいかに美しく論理的に解くかを競う高度なパズル的言葉遊び,清少納言 中宮定子,枕草子にて 中宮定子が清少納言の教養と機転を試すため あえて和歌の下の句だけを前提とし 上の句に相当する機知を求めた,定子は山吹の花びらに「言はで思ふぞ」とだけ書いて届けさせた これは古今和歌集の歌を前提とし 残りの句をどう表現するかという無言の謎掛けであった,清少納言はあえて和歌の形式で返さず 手元にあった炭で花びらに「なほまさりけり」とだけ書き足して返送した,求められた古今和歌集の下の句を瞬時に思い出し 正式な筆ではなく炭でラフに書き足すという型破りな方法で 主君の遊び心に完璧に同調しつつ自身の教養の高さを示した点,枕草子 中宮定子 古今和歌集 山吹,枕草子,史実および原典に基づき 中高生が理解しやすいよう現代語訳および一部表現を加筆修正しています
難題と謎掛け（謎合わせの源流）,平安時代,相手に対して解読困難な暗号や 一部を隠した和歌などの難題を突きつけ それをいかに美しく論理的に解くかを競う高度なパズル的言葉遊び,清少納言 藤原公任,雪が降る中 藤原公任が清少納言の才能を試すため 白居易の漢詩を踏まえた下の句だけを送りつけ それに完璧に合う上の句を作るよう求めた,公任は「少し春ある心地こそすれ（まるで少し春が来たかのような気分がすることだ）」という 漢詩の情景を和歌に翻訳した高度な下の句を突きつけた,清少納言は即座に「空寒み花にまがへて散る雪に（空が寒く 桜の花びらのように錯覚して舞い散る雪によって）」という上の句を付けて返した,相手が中国の漢詩の情景を和歌に翻訳して試してきた意図を瞬時に見抜き その文脈を崩すことなく見事な情景の上の句を繋ぎ合わせ 自身の才能を認めさせた点,枕草子 藤原公任 白氏文集 付句,枕草子,史実および原典に基づき 中高生が理解しやすいよう現代語訳および一部表現を加筆修正しています
歌垣（呪術的・知的な歌の応酬）,古代,男女が集団で出会う祭りの場において 単なる求愛だけでなく 呪術的な言葉の力（言霊）をぶつけ合い 相手の知性と生命力を見極める真剣な言葉のバトル,筑波山の男女たち,古代の常陸国にある筑波山では 春と秋に未婚の男女が集まり 歌を掛け合って互いの知性と魅力を競い合う「?歌（かがひ）」という大規模な祭りが開かれていた,男性側から「筑波嶺に懸ける庵に妻ごみに我が居る日をぞ言問いし妻（筑波山に建てた小屋で 私が妻と籠っている日に限って 色々と話しかけてくる女がいるのだ）」と 他の女性の存在を匂わせて挑発する歌を投げかけた,女性側は「筑波嶺に懸ける庵に妻ごみに我が居る日をぞ言問いし君（私も筑波山で夫と籠っている日に限って 色々と話しかけてくる男がいるのですよ）」と 全く同じ構成で相手の言葉をそのまま跳ね返した,相手の挑発的な誇張表現に対し 怒るのではなく相手の歌の構造をそのままコピー（本取り）して意趣返しを行い 対等な立場で知的なゲームを楽しんだ古代人の大らかな精神性,常陸国風土記 ?歌 筑波山,常陸国風土記,史実および原典に基づき 中高生が理解しやすいよう現代語訳および一部表現を加筆修正しています
歌垣（呪術的・知的な歌の応酬）,古代,男女が集団で出会う祭りの場において 単なる求愛だけでなく 呪術的な言葉の力（言霊）をぶつけ合い 相手の知性と生命力を見極める真剣な言葉のバトル,顕宗天皇 平群志毘,影媛という美しい女性を巡り 身分を隠していた皇子（後の顕宗天皇）と 有力豪族の平群志毘が 歌垣の場で激しい言葉のバトルを繰り広げた,志毘は「大君の八つの御綱の琴の音に寄り初め来し我が愛妻（天皇の立派な琴の音に引き寄せられるように 私の元にやってきた愛しい妻よ）」と 自分が影媛を手に入れたと公衆の面前で挑発した,天皇は「志毘の臣八の紐帯結び垂れ誰やし人も相思はめやも（志毘よ お前がいくら立派な帯を垂らして着飾ったところで 一体誰がお前などを愛するものか）」と 相手の装飾を皮肉って痛烈に反撃した,物理的な暴力ではなく 多数の群衆が見守る歌垣の場で 相手の自尊心を削ぐ鋭い表現を即興の歌に乗せてぶつけ合い 言葉の巧みさで勝敗を決しようとした古代の言霊信仰の激しさ,顕宗天皇 平群志毘 影媛 言霊,古事記 日本書紀,史実および原典に基づき 中高生が理解しやすいよう現代語訳および一部表現を加筆修正しています
歌垣（呪術的・知的な歌の応酬）,古代,男女が集団で出会う祭りの場において 単なる求愛だけでなく 呪術的な言葉の力（言霊）をぶつけ合い 相手の知性と生命力を見極める真剣な言葉のバトル,倭建命 宮簀媛,ヤマトタケルが東征の帰途 尾張の国でかつて婚約した宮簀媛の家を訪れた際 宴の席で彼女の服の裾に月経の血がついていたのを見た時の歌の応酬,ヤマトタケルは「ひさかたの天の香具山利鎌にさ渡る鵠 汝が着せる襲の裾に月立ちにけり（香具山の白鳥のように細くしなやかな あなたの着物の裾に 月が立っているよ）」と 遠回しで詩的なからかいの言葉を投げかけた,宮簀媛は「高光る日の御子 年の経ればや我が襲の裾に月立たんとする（太陽のように輝く皇子様 私があなたを長く待ち過ぎて 年月が経ってしまったから 着物の裾に月が立ってしまったのです）」と見事に返した,デリケートな身体的状況への指摘に対し 羞恥で沈黙するのではなく「あなたが私を長く待たせたからだ」という愛情の恨み言へと論理をすり替え 神話的な美しい比喩のまま見事に打ち返した女性の機転,倭建命 宮簀媛 月経,古事記,史実および原典に基づき 中高生が理解しやすいよう現代語訳および一部表現を加筆修正しています
極限制約の言葉遊び（いろは歌など）,平安時代,仮名文字を重複なく使い切るという極めて厳しい数学的な制約（パングラム）の下で 意味の通る詩歌を構築し 自身の限界と論理的構築力を競う一人遊び,詠み人知らず 仏教教理,日本固有の仮名文字の体系化が進む中 単なる音の羅列ではなく 仏教の深遠な教えを仮名文字の配列ルールの中に落とし込むという究極の課題が存在した,仏教の「涅槃経」における「諸行無常 是生滅法 生滅滅已 寂滅為楽」という難解な真理を 当時の仮名47文字を一切重複させずに使い切り 意味の通る和歌として表現せよという命題,「いろはにほへとちりぬるを」という形で 47文字を使い切りつつ 七五調の完璧な韻律で「無常観」を表現する奇跡的な詩を完成させた,重複を許さない47文字の使い切りという数学的パズルをクリアしつつ 単なる言葉の羅列ではなく哲学的なストーリーを持たせ 後世の文字配列の標準となった圧倒的な言語構築力,いろは歌 パングラム 涅槃経 諸行無常,いろは歌,史実および原典に基づき 中高生が理解しやすいよう現代語訳および一部表現を加筆修正しています
極限制約の言葉遊び（いろは歌など）,平安時代,仮名文字を重複なく使い切るという極めて厳しい数学的な制約（パングラム）の下で 意味の通る詩歌を構築し 自身の限界と論理的構築力を競う一人遊び,平安時代の知識人 文字教育の課題,平安時代初期 漢字の音韻体系を学ぶために 日本語の清音48文字をすべて一度ずつ使って 意味の通る暗記用の歌を作れという教育的・学術的な要請があった,文字の重複を一切許さず かつ学習者が暗記しやすいように 自然界の事物や概念を網羅的に組み込んだ詩を作れという過酷な制約,「あめつちほしそら やまかはみねたに（天 地 星 空 山 川 峰 谷）」と 自然界の事物を羅列しながら 48文字を重複なく並べた対句形式の詩を完成させた,意味を持たない音の羅列ではなく 天文から地理 昆虫に至るまで森羅万象を論理的に分類・配置しながら 48文字を完全に使い切るという高度なプログラミング的思考,あめつちの詞 パングラム 音韻体系,あめつちの詞,史実および原典に基づき 中高生が理解しやすいよう現代語訳および一部表現を加筆修正しています
極限制約の言葉遊び（いろは歌など）,平安時代,仮名文字を重複なく使い切るという極めて厳しい数学的な制約（パングラム）の下で 意味の通る詩歌を構築し 自身の限界と論理的構築力を競う一人遊び,源順（伝） 和歌形式への昇華という難題,「あめつちの詞」よりもさらに実用的な文字学習の手段として 47文字を重複なく使いつつ 単なる単語の羅列ではなく情景描写を伴う完璧な和歌の形式で表現せよという要求が存在した,文字を使い切るだけでなく 農村の風景や人々の営みといった「物語性」を付与し 文学作品としての価値を持たせよという さらなる高難易度の課題,「たゐにいてなつむわれをそきみめすとあさゆきかすひえこえ（田居に出て菜を摘む私を あなたが召すというので 朝雪が降る中 笠に稗の穂がつくほど越え）」と詠み上げた,文字の学習用テキストでありながら 農村の労働や男女の情愛といった物語性を美しく描写し 制約の厳しさを微塵も感じさせない豊かな文学作品として昇華させた技巧,たゐにの歌 源順 パングラム,たゐにの歌,史実および原典に基づき 中高生が理解しやすいよう現代語訳および一部表現を加筆修正しています
連歌（厳格な制約下の集団詩）,鎌倉から室町時代,五七五と七七の句を交互に詠み連ね 前の句の情景や言葉の響きを受け継ぎつつ 別の情景へと転換させる高度な集団知的ゲーム,飯尾宗祇 肖柏,室町時代後期 連歌の最高傑作とされる水無瀬三吟百韻の冒頭 宗祇が発句として非常に難易度の高い情景を設定した,宗祇が「雪ながら山もと霞む夕暮」と 冬の雪と春の霞が同居する複雑な夕暮れの山の情景を提示し 次の句での展開を要求した,肖柏は即座に「行く水遠く梅にほふ里」と返し 山から遠くの川へ 視点をダイナミックに移しつつ 春の訪れを表現した,前の句の「山」に対して「水（川）」を対置させ 雪解け水と梅の香りを用いることで 季節が冬から春へと完全に移り変わったことを鮮やかに証明した連想力,水無瀬三吟百韻 発句 脇句 連歌式目,水無瀬三吟百韻,史実および原典に基づき 中高生が理解しやすいよう現代語訳および一部表現を加筆修正しています
連歌（厳格な制約下の集団詩）,鎌倉から室町時代,五七五と七七の句を交互に詠み連ね 前の句の情景や言葉の響きを受け継ぎつつ 別の情景へと転換させる高度な集団知的ゲーム,二条良基 救済,連歌を和歌と同等の芸術に引き上げようとした貴族の良基と 僧侶である救済による 身分を超えた真剣な言葉の応酬,良基が「白妙の雪の山路を分け過ぎて」と 厳冬の雪山を苦労して進む過酷な情景を突きつけ 劇的な場面転換を求めた,救済は「花にぞもどる吉野なる里」と返し 雪山を越えた先に広がる 満開の桜の里へと辿り着いた情景を見事に繋げた,厳しい冬の「雪」から 春の象徴である「花（桜）」への鮮やかな季節の跳躍を行い 句の連なりによって一本の映画のような物語性を生み出した点,二条良基 救済 菟玖波集 吉野,菟玖波集,史実および原典に基づき 中高生が理解しやすいよう現代語訳および一部表現を加筆修正しています
連歌（厳格な制約下の集団詩）,鎌倉から室町時代,五七五と七七の句を交互に詠み連ね 前の句の情景や言葉の響きを受け継ぎつつ 別の情景へと転換させる高度な集団知的ゲーム,足利尊氏 頓阿,室町幕府を開いた武将の尊氏が 連歌の名手である僧侶の頓阿を招き その技量を試すべく 奇抜な上の句を投げかけた,尊氏が「むまやのそばの秋の夕暮（馬小屋のそばで迎える秋の夕暮れ）」と 雅な和歌にはあり得ない 日常的で泥臭い情景をあえて提示した,頓阿は「わら屋には飼ひおき馴れし駒なれど（粗末な藁葺き屋根の小屋で 長年飼い慣らした愛馬ではありますが）」と 上の句の文脈を完璧に補足する句を付けた,武将が提示した「馬小屋」という雅から外れた題材に対し 僧侶が「愛馬への愛着」という武士の生活に寄り添った文脈を構築し 相手の意図を汲み取った教養,足利尊氏 頓阿 むまや,菟玖波集,史実および原典に基づき 中高生が理解しやすいよう現代語訳および一部表現を加筆修正しています
俳諧（日常語による機知の連想）,鎌倉から室町時代,伝統的な連歌では禁止されていた「俳言（日常語や俗語）」をあえて使用し 深刻な状況を滑稽に反転させる笑いの言語ゲーム,山崎宗鑑 匿名の参加者,室町時代後期 貴族の優雅な連歌に対抗し 庶民や武士の間で流行した 自由で型破りな連想を楽しむ座の文化,参加者の一人が「切りたくもあり切りたくもなし（切りたくもあるし 切りたくもない）」という 矛盾する深刻な感情を詠み込んだ謎掛けを出した,宗鑑は「盗人を捕へて見れば我が子なり（盗賊を捕まえて顔を見てみたら なんと自分の子供だったのだ）」と 強烈なオチをつけて返した,「切る」という殺伐とした言葉に対し「我が子が罪を犯した」という究極のジレンマを日常語で提示し 悲劇をブラックユーモアへと昇華させた構成力,俳言 山崎宗鑑 犬菟玖波集 俳諧の連歌,犬菟玖波集,史実および原典に基づき 中高生が理解しやすいよう現代語訳および一部表現を加筆修正しています
俳諧（日常語による機知の連想）,鎌倉から室町時代,伝統的な連歌では禁止されていた「俳言（日常語や俗語）」をあえて使用し 深刻な状況を滑稽に反転させる笑いの言語ゲーム,山崎宗鑑 匿名の参加者,殺伐とした戦国時代を背景とし 刃傷沙汰や争いを連想させる物騒な言葉を いかに平和的かつ滑稽な日常風景に変換できるかを競った,前の者が「さし出さばかまへて突かん脇のした（もし前に出してきたら 容赦なく脇の下を突き刺してやる）」と 喧嘩腰の物騒な句を突きつけた,続く者は「針でほころび縫ふ女房（着物の破れ目を 針でチクチクと縫ってくれる妻よ）」と 緊迫感を一気に脱力させる句を繋いだ,「脇の下を突く」という刃物による攻撃の描写を 着物の脇を「針で縫う」という平和な夫婦の日常風景に意味をすり替え 暴力的な言葉を見事に無力化した機知,俳言 犬菟玖波集 前句付,犬菟玖波集,史実および原典に基づき 中高生が理解しやすいよう現代語訳および一部表現を加筆修正しています
俳諧（日常語による機知の連想）,鎌倉から室町時代,伝統的な連歌では禁止されていた「俳言（日常語や俗語）」をあえて使用し 深刻な状況を滑稽に反転させる笑いの言語ゲーム,山崎宗鑑 匿名の参加者,日常生活の中の些細な音や風景を 劇的で大げさな言葉と結びつけることで 視点の落差によるユーモアを生み出す遊び,前の者が「もろともに首を打たせて見ばやな（あいつら全員の首をまとめて斬り落としてみたいものだ）」と 残酷でショッキングな句を投げかけた,続く者は「大豆小豆のさやのふためき（大豆や小豆のさやを 棒でバシバシと叩いて豆を取り出す音のことだよ）」と 農作業の風景で回収した,「首を打つ」という処刑の残酷なイメージを 豆のさやを叩き割って中身を出すという農村の収穫作業の比喩に変換し 恐怖を笑いへと一変させた見事な論理の飛躍,俳言 犬菟玖波集 さやのふためき,犬菟玖波集,史実および原典に基づき 中高生が理解しやすいよう現代語訳および一部表現を加筆修正しています
なぞなぞ（比喩と論理の謎解き）,鎌倉から室町時代,言葉の響きや物事の物理的な特徴を 別の事象に見立てて暗喩し 相手にその正体を論理的に推理させる宮廷由来の知的遊戯,後奈良天皇 宮中の貴族たち,室町時代後期 天皇自身が宮中で流行していた謎掛けを収集し 知識層の間で高度な論理的推理ゲームとして体系化されていた,出題者が「母には二たび逢ひて 父には一度も逢はず（母親には二回会うのに 父親には一回も会わないものとは何か）」という 人間関係の矛盾を突く謎を出した,回答者は 即座に「くちびる（唇）」という 身体部位の正解を導き出した,室町時代の発音で「母（ふぁふぁ）」と言う時は唇が二回触れ合うが「父（ちち）」と言う時は一度も触れないという 音声学的な物理法則を 人間関係の比喩に偽装した極めて高度な出題,後奈良院御撰何曽 ハ行転呼 音声学,後奈良院御撰何曽,史実および原典に基づき 中高生が理解しやすいよう現代語訳および一部表現を加筆修正しています
なぞなぞ（比喩と論理の謎解き）,鎌倉から室町時代,言葉の響きや物事の物理的な特徴を 別の事象に見立てて暗喩し 相手にその正体を論理的に推理させる宮廷由来の知的遊戯,後奈良天皇 宮中の貴族たち,日常生活に普及し始めた新しい道具や技術を あえて大げさで恐ろしい自然災害のスケールに例えることで 想像力と視点の柔軟性を試した,出題者が「上は大水 下は大火（上空には巨大な洪水が起こり 地上では大火事が起きているものとは何か）」と 世界の終わりのような絶望的な情景を提示した,回答者は「風呂（または釜）」と 日常生活で毎日使用するありふれた道具の名前を答えて正解した,水が上部にあり その下で激しく薪を燃やしている風呂釜の物理的な構造を「大水と大火事」というマクロな視点の災害にスライドさせ 空間認識の飛躍を楽しんだ点,後奈良院御撰何曽 鉄釜 五右衛門風呂,後奈良院御撰何曽,史実および原典に基づき 中高生が理解しやすいよう現代語訳および一部表現を加筆修正しています
なぞなぞ（比喩と論理の謎解き）,鎌倉から室町時代,言葉の響きや物事の物理的な特徴を 別の事象に見立てて暗喩し 相手にその正体を論理的に推理させる宮廷由来の知的遊戯,後奈良天皇 宮中の貴族たち,宮中や寺院で日常的に使用される文房具などの道具を まるで生きている人間であるかのように擬人化し その描写の正確さと美しさを競った,出題者が「衣を着て 黒き髪をばうなじに垂らすもの（立派な衣服を身にまとい 黒い髪をうなじに長く垂らしている者は誰か）」と 宮廷の貴人のような姿を提示した,回答者は「筆（毛筆）」と 人間ではなく書道に用いる道具の名称を見事に言い当てた,筆のキャップや軸の部分を「衣服」に見立て 墨を含んだ動物の毛先を「黒い髪」に例えるという 道具の形状と使用状態を極めて雅な人間の姿へと美しく変換した観察力,後奈良院御撰何曽 擬人化 見立て,後奈良院御撰何曽,史実および原典に基づき 中高生が理解しやすいよう現代語訳および一部表現を加筆修正しています
とんち（論理の転換と詭弁）,室町時代,権力者からの無理難題や理不尽な要求に対し 相手の言葉の論理的破綻や前提条件を逆手に取って反撃する知的な言語遊戯,足利義満 一休宗純,室町幕府将軍の義満が 若き一休の頓知の噂を聞きつけ その知性を試すため 物理的に不可能な命令を下した,義満は「この屏風に描かれた虎が夜な夜な抜け出して暴れるので 縄で縛って捕まえてほしい」という絶対不可能な難題を突きつけた,一休は鉢巻きを締めて縄を持ち「さあ 早く虎を屏風から追い出してください 私が捕まえます」と 義満に捕獲の前提条件のクリアを要求した,「絵の虎を捕まえる」という理不尽な要求に対し「捕まえるから絵から出せ」と前提条件を相手に突き返すことで 相手の要求の矛盾を論理的に封じ込めた点,足利義満 一休宗純 頓知 一休咄,一休咄,史実および原典に基づき 中高生が理解しやすいよう現代語訳および一部表現を加筆修正しています
とんち（論理の転換と詭弁）,室町時代,権力者からの無理難題や理不尽な要求に対し 相手の言葉の論理的破綻や前提条件を逆手に取って反撃する知的な言語遊戯,桔梗屋 一休宗純,裕福な商人である桔梗屋が 一休を宴会に招いた際 屋敷の前の橋に立て札を置き 一休がどう切り抜けるかを試した,攻撃として立て札には「このはし渡るべからず（この橋を渡ってはいけない）」と書かれており 宴会に向かうための物理的な経路を言葉で封鎖した,一休は少しも慌てず「端（はし）を渡らずに 真ん中を渡ればよいのだろう」と言い放ち 橋の堂々と中央を歩いて渡り切った,「橋」と「端」という同音異義語を意図的に誤読する詭弁を用いることで 相手が設定した禁止のルールを文法的にすり抜け 堂々と目的を達成した言語的ハッキング,同音異義語 桔梗屋 一休咄,一休咄,史実および原典に基づき 中高生が理解しやすいよう現代語訳および一部表現を加筆修正しています
とんち（論理の転換と詭弁）,室町時代,権力者からの無理難題や理不尽な要求に対し 相手の言葉の論理的破綻や前提条件を逆手に取って反撃する知的な言語遊戯,寺の和尚 一休宗純,寺の和尚が 自分が独り占めして食べるための甘い水飴を壺に隠し 小僧たちには近づかせないための嘘をついた,和尚は「これは大人が食べれば薬だが 子供が食べれば死んでしまう猛毒だ」と嘘の前提を提示し 権威によって物理的なアクセスを禁じた,一休は和尚の留守中に水飴を全て食べ尽くし わざと和尚の大切な茶碗を割って号泣し「茶碗を割ったお詫びに 毒を飲んで死のうとしましたが 死ねません」と言い訳をした,相手が設定した「これは猛毒である」という嘘のルールを最大限に利用し 水飴の盗食と器の破壊という二つの罪を「責任を取るための自殺未遂」という完璧な論理にすり替えた点,水飴 一休咄,一休咄,史実および原典に基づき 中高生が理解しやすいよう現代語訳および一部表現を加筆修正しています
禅問答（公案による論理の超越）,鎌倉から室町時代,師匠から与えられる論理的に破綻した問い（公案）に対し 言葉の二元論（有無 善悪）を超越した絶対的な境地を提示して知性を競う禅宗の修行文化,趙州和尚 修行僧,仏教の教理では「生きとし生けるもの全てに仏の性質（仏性）がある」とされるが 修行僧があえて卑しいとされる犬を例に出して師匠の理解を試した,修行僧は「犬にも仏性はあるのですか」と問いかけ 「ある」と答えれば現実の卑しさと矛盾し「ない」と答えれば仏教の基本教理と矛盾する二重の罠を仕掛けた,趙州和尚は「無（む）」と一言だけ答えた,肯定と否定のどちらを選んでも破綻する論理的トラップに対し 概念そのものを破壊する「無」という言葉をぶつけることで 質問者の二元論的な思考の枠組みを根底から粉砕した点,趙州和尚 仏性 無門関 狗子仏性 公案,無門関,史実および原典に基づき 中高生が理解しやすいよう現代語訳および一部表現を加筆修正しています
禅問答（公案による論理の超越）,鎌倉から室町時代,師匠から与えられる論理的に破綻した問い（公案）に対し 言葉の二元論（有無 善悪）を超越した絶対的な境地を提示して知性を競う禅宗の修行文化,倶胝和尚 小僧,倶胝和尚は 誰から何を問われても 常に指を一本立てるだけで答えており 寺の小僧がその真似をして周囲に得意げに振る舞っていた,和尚の教えの表面的なポーズだけを模倣し 禅の本質を理解しないまま「指を立てれば答えになる」と論理を矮小化して権威を利用した小僧の態度,倶胝和尚は刃物で小僧の指を切り落とし 泣いて逃げる小僧を呼び止め 振り返った小僧に向かって和尚はいつものように指を一本立てて見せた,言葉や形（指）という記号に依存していた小僧に対し 物理的にその記号を奪った上で 再び記号を提示することで「本質は形にはない」という真理を暴力的なまでの直接性で叩き込んだ点,倶胝和尚 悟り 無門関 倶胝竪指,無門関,史実および原典に基づき 中高生が理解しやすいよう現代語訳および一部表現を加筆修正しています
禅問答（公案による論理の超越）,鎌倉から室町時代,師匠から与えられる論理的に破綻した問い（公案）に対し 言葉の二元論（有無 善悪）を超越した絶対的な境地を提示して知性を競う禅宗の修行文化,南泉和尚 趙州和尚,寺の東堂と西堂の僧侶たちが 一匹の猫の所有権を巡って 日常の執着を捨て去るべき禅僧らしからぬ醜い口論を繰り広げていた,南泉和尚は猫の首に刃物を突きつけ「禅の真理にかなう言葉を言え 言えなければ猫を斬る」と 究極の言語的決断を僧侶たちに迫った,僧侶たちが誰も答えられず猫が斬られた後 話を聞いた趙州和尚は 自分の履いていた靴を脱いで頭に乗せ 無言のまま部屋を出て行った,論理や言葉に詰まってしまった僧侶たちに対し 趙州は「靴を頭に乗せる」という論理が完全に転倒した狂気の行動を示すことで 争いそのものの無意味さを鮮やかに表現した点,南泉和尚 南泉斬猫 趙州和尚 無門関,無門関,史実および原典に基づき 中高生が理解しやすいよう現代語訳および一部表現を加筆修正しています
狂言（言葉の裏をかく喜劇）,室町時代,主従関係や社会的な権威に対して 弱者が言葉の矛盾や比喩のルールを逆手に取り 詭弁や屁理屈を用いて合法的に反撃する様子を描いた演劇文化,主人 太郎冠者・次郎冠者,留守にする主人が 自分の砂糖を召使いに食べられないよう 壺の中身は猛毒であると嘘をついて外出を命じた,主人は「この壺の中身は附子という猛毒であり その風に当たっただけでも死んでしまう」と 言葉による恐怖で召使いの行動を強く制限した,召使いは中身の砂糖を完食した上で 主人の大切な掛け軸と茶碗を破壊し「宝物を壊した責任を取るため 猛毒を食べて死のうとしたが死にきれません」と泣いて見せた,主人が自ら設定した「壺の中身は猛毒である」という虚偽のルールを 絶対的な事実として援用することで 盗食と器物破損という二つの罪の責任を完全に免除させる見事な論理構築,附子 太郎冠者 次郎冠者 狂言,狂言記,史実および原典に基づき 中高生が理解しやすいよう現代語訳および一部表現を加筆修正しています
狂言（言葉の裏をかく喜劇）,室町時代,主従関係や社会的な権威に対して 弱者が言葉の矛盾や比喩のルールを逆手に取り 詭弁や屁理屈を用いて合法的に反撃する様子を描いた演劇文化,山伏 柿の木の持ち主,修行を積んで霊力を持つと誇る山伏が 空腹に耐えかねて他人の柿の木に登り 盗み食いをしているところを 木の持ち主に見つかってしまった,持ち主はわざと気づかないふりをし「あれはカラスか 猿か もしそうなら鳴くはずだが」と 木の上の泥棒に対して動物の真似をするよう間接的に強要した,権威ある山伏は 盗みがバレることを恐れるあまり 言われるがままにカラスや猿の鳴き真似をし 最終的に「トビなら飛ぶはずだ」と言われて木から飛び降り大怪我をした,相手のプライドの高さを逆手に取り 直接非難するのではなく「動物ならこうするはずだ」という条件付きの言語ゲームに引きずり込み 自発的に屈辱的な行動をとらせた心理戦の妙,山伏 修験道 柿山伏,狂言記,史実および原典に基づき 中高生が理解しやすいよう現代語訳および一部表現を加筆修正しています
狂言（言葉の裏をかく喜劇）,室町時代,主従関係や社会的な権威に対して 弱者が言葉の矛盾や比喩のルールを逆手に取り 詭弁や屁理屈を用いて合法的に反撃する様子を描いた演劇文化,住持 新発意（新米の僧）,寺の住持が 借り物に来る村人を体よく断るため 新米の僧に対して「傘なら骨と皮が離れたと言え」など 断り文句の比喩のルールを教え込んだ,新米の僧はルールの適用条件を理解せず 馬を借りに来た者にも「骨と皮が離れた」と答え 住持から「馬なら草を食みに出たと言え」とルールを修正された,その後 住持に対する宴会の招待状が届いた際 新米の僧は「住持は今 野原に草を食みに出かけております」と 教えられた断り文句をそのまま適用して断ってしまった,師匠から教えられた「比喩を用いた断り文句」のルールを その前提となる文脈を完全に無視して機械的に適用することで 権威ある師匠自身を家畜と同等に貶めた滑稽さ,住持 新発意 骨皮,狂言記,史実および原典に基づき 中高生が理解しやすいよう現代語訳および一部表現を加筆修正しています
なぞかけ（同音異義の連想遊戯）,江戸時代,一見無関係な二つの事物を提示し 同音異義語や掛詞を用いて共通点を見出すことで 論理の飛躍と着地の鮮やかさを競う大衆的な言葉遊び,寄席の芸人 観客,江戸時代の寄席において 芸人が観客からその場で与えられたお題に対し 即興で謎を解いてみせることで 頭の回転の速さを披露した,観客が「お茶」という 日常的なお題を提示し これに全く無関係なものを掛けて謎を成立させるよう要求した,芸人は即座に「お茶とかけて 医者と解く その心は どちらも さじをなげる（茶匙を入れる 治療を諦める）でしょう」と答えた,「お茶」と「医者」という全く異なる概念を「匙を投げる」という一つの慣用句の二重の意味で完璧に結びつけた 即興の連想能力,なぞかけ 寄席 掛詞 匙を投げる,江戸落語 伝承,史実および原典に基づき 中高生が理解しやすいよう現代語訳および一部表現を加筆修正しています
なぞかけ（同音異義の連想遊戯）,江戸時代,一見無関係な二つの事物を提示し 同音異義語や掛詞を用いて共通点を見出すことで 論理の飛躍と着地の鮮やかさを競う大衆的な言葉遊び,寄席の芸人 観客,庶民の生活を脅かす災害や日常のトラブルすら 笑いのめして知的なパズルに変換してしまう 江戸の町人文化のたくましさ,観客が「火事」という 日常的で恐ろしい脅威であるお題を提示し 洒落の効いた解答を求めた,芸人は「火事とかけて 夫婦喧嘩と解く その心は どちらも やける（家が焼ける 嫉妬で妬ける）でしょう」と返した,恐ろしい「火事」という題材を「夫婦喧嘩」という日常の些細なトラブルに縮小し「やける」という同音異義語で見事に意味を反転させたユーモア,なぞかけ 夫婦喧嘩 同音異義語,江戸落語 伝承,史実および原典に基づき 中高生が理解しやすいよう現代語訳および一部表現を加筆修正しています
なぞかけ（同音異義の連想遊戯）,江戸時代,一見無関係な二つの事物を提示し 同音異義語や掛詞を用いて共通点を見出すことで 論理の飛躍と着地の鮮やかさを競う大衆的な言葉遊び,寄席の芸人 観客,季節の変化や日常の些細な情景を観察し 言葉の響きの面白さを利用して 別の情景へと視点をスライドさせる遊び心,観客が「うどん」という 庶民のありふれた食べ物をお題として提示し 面白い連想を求めた,芸人は「うどんとかけて 初夏と解く その心は どちらも つゆ（汁 梅雨）がつきものでしょう」と返した,食べ物の「汁」と季節の「梅雨」という全く異なるスケールの「つゆ」を接続し 日常の食事風景を季節感のある言葉遊びに昇華させた点,なぞかけ 同音異義語,江戸落語 伝承,史実および原典に基づき 中高生が理解しやすいよう現代語訳および一部表現を加筆修正しています
川柳（人間社会の風刺と観察）,江戸時代,前句付という連歌の遊びから独立し 五七五の定型に庶民の日常や人間の滑稽さ 社会への風刺を鋭く詠み込む大衆文芸,柄井川柳 匿名の投稿者,柄井川柳という選者が 庶民から大量に投稿される句を審査し 優れた五七五の句を「誹風柳多留」という本にまとめて出版した,社会の中で権力を持ち 庶民から賄賂を受け取る武士や役人に対する 庶民たちの潜在的な不満と批判の感情,匿名の投稿者が「役人の子はにぎにぎをよく覚え（役人の赤ん坊は手を握るのが上手いが それは親が賄賂を握り慣れているからだろう）」と詠み飛ばした,赤ん坊の無邪気な「にぎにぎ」という動作と 汚職役人が賄賂を受け取る生々しい行為を重ね合わせ 権力者を鋭くかつユーモラスに風刺した視点の妙,前句付 誹風柳多留 柄井川柳 にぎにぎ,誹風柳多留,史実および原典に基づき 中高生が理解しやすいよう現代語訳および一部表現を加筆修正しています
川柳（人間社会の風刺と観察）,江戸時代,前句付という連歌の遊びから独立し 五七五の定型に庶民の日常や人間の滑稽さ 社会への風刺を鋭く詠み込む大衆文芸,匿名の投稿者 日常の矛盾,人間の不合理な行動や 日常生活の中で誰もが経験する気まずい瞬間を わずか十七音で映像的に切り取る観察眼の競い合い,にわか雨に降られて他人の家の軒先で雨宿りをしていたが なかなか止まず 逆に雨足が強くなってきてしまった気まずい状況,「本降りになって出てゆく雨宿り（小雨の時は雨宿りしていたのに 諦めがついて土砂降りになってから結局濡れて帰っていく）」と詠んだ,人間の不合理な心理とタイミングの悪さを 切り取るように鮮やかに言語化し 誰もが経験する日常の矛盾を笑いに変えた共感性,誹風柳多留 雨宿り,誹風柳多留,史実および原典に基づき 中高生が理解しやすいよう現代語訳および一部表現を加筆修正しています
川柳（人間社会の風刺と観察）,江戸時代,前句付という連歌の遊びから独立し 五七五の定型に庶民の日常や人間の滑稽さ 社会への風刺を鋭く詠み込む大衆文芸,匿名の投稿者 親の情愛,親の愛情や家族の関係性といった普遍的なテーマを 道徳的に語るのではなく 滑稽な身体の動きや情景として客観的に描写する技術,夏の暑い夜 子供が寝苦しそうにしているのを見た親が 自分の眠気と子供への愛情の板挟みになるという日常の風景,「寝ていても団扇の動く親心（親は自分が半分眠っていても 無意識に子供のために団扇を扇ぎ続けているものだ）」と詠み込んだ,親の深い愛情を「教訓」として語るのではなく「眠っていても手が動く」という滑稽でリアルな身体の動きを通して 映像的に表現した観察眼,誹風柳多留 親心,誹風柳多留,史実および原典に基づき 中高生が理解しやすいよう現代語訳および一部表現を加筆修正しています
狂歌（本歌取りと痛烈な政治風刺）,江戸時代,伝統的な和歌の五七五七七の形式を用いながら 古典の名歌のパロディや社会風刺 滑稽な内容を盛り込んで知識を競う言葉遊び,匿名の狂歌師 松平定信,老中松平定信が寛政の改革を行い 厳格な質素倹約を強制したため 江戸の町は活気を失い 庶民は前任の田沼意次の時代を懐かしんだ,幕府の最高権力者である松平定信が 庶民の娯楽や贅沢を徹底的に弾圧し 息苦しい道徳的な社会を押し付けてきたという圧倒的な権力と抑圧,「白河の清きに魚のすみかねて もとの濁りの田沼恋しき（定信の政治は水が綺麗すぎて魚が住めない 濁っていた田沼時代が恋しい）」と詠んで市中に貼り出した,権力者の名前「白河（定信の領地）」と「田沼」を清濁の水に例え 和歌の形式という高度な教養のベールで包んで幕府を批判した知的な抵抗,狂歌 寛政の改革 松平定信 田沼意次 落首,狂歌 落首,史実および原典に基づき 中高生が理解しやすいよう現代語訳および一部表現を加筆修正しています
狂歌（本歌取りと痛烈な政治風刺）,江戸時代,伝統的な和歌の五七五七七の形式を用いながら 古典の名歌のパロディや社会風刺 滑稽な内容を盛り込んで知識を競う言葉遊び,匿名の狂歌師 ペリー艦隊,幕末にペリーが率いる黒船が四隻で浦賀に来航したことで 太平の眠りをむさぼっていた幕府と江戸の町は大パニックに陥った,未知の巨大な蒸気船艦隊という圧倒的な軍事的脅威と それに対処できず右往左往する無能な幕府という 絶望的で混乱した社会的状況,「泰平の眠りを覚ます上喜撰 たった四杯で夜も眠れず（たった四隻の蒸気船のせいで 幕府は夜も眠れないほど慌てている）」と詠み捨てた,高級なお茶である「上喜撰」と「蒸気船」 お茶の「四杯」と船の「四隻」を掛詞にし 国家の危機すら知的なパズルに変換して恐怖を克服した点,上喜撰 蒸気船 掛詞 黒船来航 狂歌,狂歌 落首,史実および原典に基づき 中高生が理解しやすいよう現代語訳および一部表現を加筆修正しています
狂歌（本歌取りと痛烈な政治風刺）,江戸時代,伝統的な和歌の五七五七七の形式を用いながら 古典の名歌のパロディや社会風刺 滑稽な内容を盛り込んで知識を競う言葉遊び,大田南畝（蜀山人） 自身の死,江戸時代中期を代表するトップクラスの狂歌師であった大田南畝が いよいよ自身の寿命が尽きようとする臨終の床にあった,「人間の死」という 誰もが逃れられない根源的な恐怖と 自身の命がまさに今失われようとしているという絶望的な現実,死の直前に「今までは人のことだと思ひしに 俺が死ぬとはこいつぁたまらん（今まで死は他人のものだと思っていたが いざ自分が死ぬとは）」と詠んだ,死という究極の恐怖に対して 伝統的な辞世の句の雅な表現を放棄し 最後まで徹底した俗語とユーモアを貫くことで 死の恐怖すら笑い飛ばした美学,大田南畝 蜀山人 狂歌 辞世の句,大田南畝辞世の句,史実および原典に基づき 中高生が理解しやすいよう現代語訳および一部表現を加筆修正しています
前句付（連想と機知の付合）,江戸時代,出題者が提示する七七の短い句に対して 参加者が五七五の句を付け足して一つの世界を完成させる庶民参加型の言語パズル,出題者（点者） 無名の町人たち,江戸の町で急速に普及した大衆文芸であり 優秀な句は高得点を与えられて出版されるため 庶民たちはこぞって機知を競い合った,出題者が「さてさて腹のたつことよなあ（まったく腹が立つことだ）」という七七の句を提示し これに続く具体的な怒りの情景を五七五で描写せよと要求した,参加者は「にきびをばつぶしたあとに蚊がとまり（ニキビを潰したばかりの痛い場所に ちょうど蚊が止まって血を吸おうとしている）」と返した,抽象的な「腹が立つ」という感情に対し 誰もが日常で経験する極めて具体的で滑稽な身体的イライラを接続し 普遍的な共感と笑いを生み出した点,前句 付句 懸賞 誹風柳多留,誹風柳多留,史実および原典に基づき 中高生が理解しやすいよう現代語訳および一部表現を加筆修正しています
前句付（連想と機知の付合）,江戸時代,出題者が提示する七七の短い句に対して 参加者が五七五の句を付け足して一つの世界を完成させる庶民参加型の言語パズル,出題者（点者） 無名の町人たち,前句と付句の間にあえて論理の飛躍を持たせ 読者にその間を埋めさせることで 驚きと恐怖をユーモアに変換する技術が競われた,出題者が「さて恐ろしきさて恐ろしき（ああ恐ろしい ああ恐ろしい）」という七七の句を提示し 何か恐ろしい情景を五七五で表現せよと求めた,参加者は「やみの夜にべちゃりと踏んだ生あたたかさ（真っ暗な夜道で 足元に何か生温かく潰れるものを踏んでしまった感触）」と返した,視覚的な恐怖ではなく「真っ暗闇」「生温かい」「べちゃり」という触覚と聴覚の不快感を極限まで刺激する言葉を選び出し 想像力を掻き立てる見事な構成力,前句付 万句合 武玉川,武玉川,史実および原典に基づき 中高生が理解しやすいよう現代語訳および一部表現を加筆修正しています
前句付（連想と機知の付合）,江戸時代,出題者が提示する七七の短い句に対して 参加者が五七五の句を付け足して一つの世界を完成させる庶民参加型の言語パズル,出題者（点者） 無名の町人たち,当時の身分制度や権威に対する庶民の潜在的な不満を 言葉遊びという安全なフィルターを通して合法的に風刺する知的ゲーム,出題者が「神や仏の罰のあたらぬ（神仏の罰が当たらないものとは何か）」という七七の句を提示し この条件を満たす不条理な事象を五七五で答えよと謎掛けをした,参加者は「大名の行列先へ犬がかけ抜け（大名行列の前を 犬が平気で横切っていく様子）」と返した,人間であれば無礼討ちにされる大名行列の厳しい身分制度も 動物である犬には全く通用しないという痛快な事実を指摘し 権威を笑い飛ばした社会観察眼,大名行列 無礼討ち 前句付,誹風柳多留,史実および原典に基づき 中高生が理解しやすいよう現代語訳および一部表現を加筆修正しています
雑俳（大衆化された言葉のパズル）,江戸時代,伝統的な俳諧のルールを大幅に簡略化し 最初の文字や最後の文字を固定するなどの制限を設けて 大衆がクイズ感覚で楽しめるようにした言葉遊びの総称,選者（俳諧師） 町人や職人,俳句の高度な教養を持たない庶民でも 決まったお題に言葉を当てはめるだけで 手軽に文芸に参加できるエンターテインメントとして大流行した,上の五文字を固定する「冠付」という形式で 出題者が「あきれたる（呆れてしまう）」というお題を提示し 残りの七五を作れと要求した,参加者は「あきれたる（冠） 女房に持つ目出度さよ（このような呆れた妻を持っている私は なんと幸せ者なのだろうか）」と返した,「呆れる」という否定的なお題に対し あえて「目出度い（幸せだ）」という真逆の感情をぶつけ 夫婦間の呆れるほどの愛情や 愚かさを愛でる庶民の肯定的なエネルギーを表現した点,雑俳 冠付 選者,雑俳拾遺,史実および原典に基づき 中高生が理解しやすいよう現代語訳および一部表現を加筆修正しています
雑俳（大衆化された言葉のパズル）,江戸時代,伝統的な俳諧のルールを大幅に簡略化し 最初の文字や最後の文字を固定するなどの制限を設けて 大衆がクイズ感覚で楽しめるようにした言葉遊びの総称,選者（俳諧師） 町人や職人,日常生活の失敗や後悔を 定型フォーマットに落とし込むことで 個人の悲劇を大衆の笑いへと変換する機能を持っていた,下の五文字を固定する「沓付」という形式で 出題者が「……とおもひきや（……と思っていたのに）」という 後悔や予想外の結末を導くお題を提示した,参加者は「大名の供をするとおもひきや（大名の立派な行列の供立てとして 華々しく歩けると思っていたのに 実態はただの荷物持ちだった）」と返した,出世や華やかな仕事を夢見て江戸に出てきた若者の 現実との残酷なギャップを わずか十二文字の前提部分で映像的に描き出し 自虐的な笑いへと昇華させた構成力,沓付 雑俳 供立て,雑俳集成,史実および原典に基づき 中高生が理解しやすいよう現代語訳および一部表現を加筆修正しています
雑俳（大衆化された言葉のパズル）,江戸時代,伝統的な俳諧のルールを大幅に簡略化し 最初の文字や最後の文字を固定するなどの制限を設けて 大衆がクイズ感覚で楽しめるようにした言葉遊びの総称,選者（俳諧師） 町人や職人,特定の文字を句の頭に配置するという 現代のアクロスティック（折句）に相当する 高度な文字配列のパズルゲーム,指定された文字を各句の頭に置く「折句」という形式で 出題者が「か・ら・す（カラス）」の三文字を 五七五の頭に配置して意味の通る文を作れという高度な制約を課した,参加者は「か 傘の ら 喇叭とのけぞる す 凄まじさ（か・ら・かさの ら・っぱとのけぞる す・さまじさ＝傘が強風でラッパのように反り返ってしまう凄まじい光景）」と返した,「か・ら・す」という文字配列の厳しい制約を完全に守りながら 強風で傘がおちょこになるという江戸の日常のダイナミックな瞬間を「ラッパ」という擬音語を交えて見事に切り取った言語処理能力,折句 雑俳 文字配列,折句雑俳集,史実および原典に基づき 中高生が理解しやすいよう現代語訳および一部表現を加筆修正しています
狂句（名句のパロディと風刺）,江戸時代,松尾芭蕉などの著名な俳句（本句）の形式や言葉を意図的に模倣しつつ 内容を日常的・滑稽なものにすり替えることで 権威を笑いに変える本句取りの遊戯,狂句師（町人） 伝統的な俳諧の権威,古典や名句の知識が庶民の間にも広く浸透したことで 誰もが知っている有名な句をフリ（前提）として使い 見事なオチをつけるパロディ文化が成熟した,松尾芭蕉の歴史的名句「古池や蛙飛び込む水の音」という 静寂と風雅を極めた誰もが知る完璧な芸術作品が 前提となる教養として立ちはだかった,狂句師は「古池へ草履片方飛び込んだ（静かな古池に 足を滑らせて片方の草履を落としてしまった）」と 芭蕉の句の骨格をそのままに日常のドジな風景へと書き換えた,芸術の極致である「カエルと水音」を 泥臭い「片方の草履」にすり替えることで 崇高な世界を一瞬にして庶民の滑稽な日常へと引きずり下ろした 破壊的で鮮やかな視点の転換,狂句 パロディ 本句取り 松尾芭蕉,誹風柳多留,史実および原典に基づき 中高生が理解しやすいよう現代語訳および一部表現を加筆修正しています
狂句（名句のパロディと風刺）,江戸時代,松尾芭蕉などの著名な俳句（本句）の形式や言葉を意図的に模倣しつつ 内容を日常的・滑稽なものにすり替えることで 権威を笑いに変える本句取りの遊戯,狂句師（町人） 伝統的な俳諧の権威,歴史的な悲劇や教訓めいた重厚なテーマを あえて下品でマヌケなモチーフで上書きすることで 深刻さを無効化する言語的ハッキング,松尾芭蕉の有名な紀行文奥の細道に登場する「夏草や兵どもが夢の跡」という 源義経らの悲劇を詠んだ壮大で歴史的な名句のパロディ化に挑んだ,狂句師は「夏草やふんどし一つ落ちて居る（かつて武士たちが戦ったというこの悲劇の跡地に なぜかふんどしが一つだけポツンと落ちている）」と返した,壮大な歴史のロマンや無常観という重々しいテーマに対して「落ちているふんどし」という極めて視覚的でマヌケな異物を混入させ 読者の感動を強制的に笑いへと強制終了させた手腕,奥の細道 兵どもが夢の跡 パロディ,狂句集,史実および原典に基づき 中高生が理解しやすいよう現代語訳および一部表現を加筆修正しています
狂句（名句のパロディと風刺）,江戸時代,松尾芭蕉などの著名な俳句（本句）の形式や言葉を意図的に模倣しつつ 内容を日常的・滑稽なものにすり替えることで 権威を笑いに変える本句取りの遊戯,狂句師（町人） 伝統的な俳諧の権威,表面的な美しさや道徳的な教訓を良しとする風潮に対し 庶民の実用主義と本音をぶつけることで 偽善を暴き出すユーモア,加賀の千代女が詠んだとされる「朝顔に釣瓶とられてもらい水」という 朝顔の美しさを尊んで水を他所にもらいに行くという 風雅で道徳的な名句がターゲットにされた,狂句師は「朝顔に釣瓶とられて手を洗ふ（朝顔に井戸のバケツが絡まってしまったので もう面倒だからそのまま手を洗ってしまおう）」と 実用主義の句に変換した,原句が持つ「花を愛でるための自己犠牲」という美しい道徳観を 庶民の「面倒くさいからこれでいいや」という合理的で怠惰な本音で容赦なくハッキングし 偽善を笑い飛ばした点,加賀の千代女 釣瓶 もらい水 狂句,狂句集,史実および原典に基づき 中高生が理解しやすいよう現代語訳および一部表現を加筆修正しています
笠付,江戸時代,出題者が提示した五音の言葉を笠として参加者が七音と五音を付け足して十七音の句を完成させる前句付の一種,点者 出題を行う選者 と 参加者 町人や武士などの大衆,庶民の生活苦や借金取りとの駆け引きが日常的だった江戸の町社会,点者が「うれしさよ」という単純な喜びを表す五音を提示し ありきたりな感情をどう裏切るかを要求,参加者が「質屋の帳面 鼠食い」と続け 借金の証拠が消滅するブラックユーモアで返答,単純なお題に対して貧困という現実的な苦難を笑いに転換する発想の飛躍が評価される,点者 俳諧や川柳の作品を審査し点数をつける選者 質屋 江戸庶民が生活資金を借りるために品物を預けた金融業者,江戸中期の前句付や川柳における一般的な作風に基づく,史実および原典に基づき 中高生が理解しやすいよう現代語訳および一部表現を加筆修正しています
笠付,江戸時代,出題者が提示した五音の言葉を笠として参加者が七音と五音を付け足して十七音の句を完成させる前句付の一種,点者 出題を行う選者 と 参加者 町人や武士などの大衆,封建社会における武士の権威と それに対する庶民の冷めた視線が存在した社会情勢,点者が「見事なり」という称賛の言葉を提示し 何を褒めるのかという大喜利的な制約を課す,参加者が「腹の立つとき 斬る大根」と続け 怒りに任せて大根を切る滑稽な姿で称賛を裏切る,威勢の良い言葉に対して生活感あふれる台所の風景を対比させ 緊張を緩和する技術,前句付 七七の句に対して五七五を付ける あるいは五音に対して七五を付ける等の言葉遊びの総称,誹風柳多留などの江戸期川柳集の表現形式に基づく,史実および原典に基づき 中高生が理解しやすいよう現代語訳および一部表現を加筆修正しています
笠付,江戸時代,出題者が提示した五音の言葉を笠として参加者が七音と五音を付け足して十七音の句を完成させる前句付の一種,点者 出題を行う選者 と 参加者 町人や武士などの大衆,狭い長屋での共同生活において 人間関係の摩擦をユーモアで回避する必要があった環境,点者が「おそろしや」という恐怖を示す五音を提示し 恐ろしい対象の意外性を問う,参加者が「命知らずの 水すまし」と続け 巨大な怪物ではなく水面を滑る小さな虫を誇張して表現,恐怖という強い感情を微小な昆虫に向けることで スケール感の落差を利用した知的な言葉遊び,長屋 江戸の庶民が暮らした集合住宅 水すまし 水面を素早く泳ぎ回る小さな昆虫,万句合などの庶民参加型文芸における句作の手法に基づく,史実および原典に基づき 中高生が理解しやすいよう現代語訳および一部表現を加筆修正しています
冠句,江戸時代中期から後期,与えられた五音の冠題に対して七五の十四音を付け十七音の独立した詩を創り出す上方発祥の文芸,冠者 お題を出す宗匠 と 作者 句を詠む門人や庶民,俳諧が遊戯化する中で より人間の心情や人情の機微を表現する新しい文芸が求められた上方文化圏,宗匠が「きのふ今日」という時間の経過のみを示す無味乾燥な五音を提示し 詩的展開の技量を試す,作者が「咲くや見事に 散る桜」と続け わずかな時間の間に変化する自然の無常観を表現,意味を持たないお題を起点にして 桜の美しさと儚さという普遍的な美意識へ昇華させる構成力,上方 江戸時代における京都や大坂を中心とした地域 宗匠 俳諧や和歌などの文芸を指導する師匠,堀井麦水らが提唱した初期冠句の詩的理念に基づく,史実および原典に基づき 中高生が理解しやすいよう現代語訳および一部表現を加筆修正しています
冠句,江戸時代中期から後期,与えられた五音の冠題に対して七五の十四音を付け十七音の独立した詩を創り出す上方発祥の文芸,冠者 お題を出す宗匠 と 作者 句を詠む門人や庶民,修験道などの宗教者が身近な存在であり 彼らの世俗的な一面も民衆に観察されていた社会,宗匠が「山伏は」と特定の職業を提示し その特徴をどう切り取るかという視点を要求,作者が「ほらで世渡る 霞かな」と続け ほら貝を吹く行為と嘘をつくことを掛けて風刺的に描写,宗教的な権威をからかいつつも ほらと霞という関連語を用いて角を立てずに笑いへ着地させる技術,山伏 山中で厳しい修行を行う修験道の行者 ほら ほら貝のことおよび大げさな嘘をつくこと,江戸後期の上方文芸における職業風刺の手法に基づく,史実および原典に基づき 中高生が理解しやすいよう現代語訳および一部表現を加筆修正しています
冠句,江戸時代中期から後期,与えられた五音の冠題に対して七五の十四音を付け十七音の独立した詩を創り出す上方発祥の文芸,冠者 お題を出す宗匠 と 作者 句を詠む門人や庶民,勤勉さが美徳とされる一方で 怠惰な人間に対するおおらかな寛容さも併せ持っていた庶民社会,宗匠が「なまけ者」という否定的な属性を提示し 説教臭くならずにどう表現するかを問う,作者が「寝転びながら 月を愛で」と続け 怠惰さを風雅な行動として肯定的に反転させる,否定的な言葉を風流という全く別の価値観で上書きし 道徳的対立を詩の力で無効化する知性,愛でる 物の美しさや趣を深く味わい楽しむこと,冠句における人情や滑稽さを重んじる作風に基づく,史実および原典に基づき 中高生が理解しやすいよう現代語訳および一部表現を加筆修正しています
地口,江戸時代,既存のことわざや芝居の台詞などの一部を似た音の別の言葉に置き換えて滑稽な意味を持たせる言葉遊び,発言者 江戸っ子を中心とする町人 と 応答者 会話の相手,商取引や日常の揉め事において 相手の提案を直接的に拒絶すると人間関係が破綻するリスクがあった,相手が狡猾な手段を用いて騙そうとしたり 不利な条件で交渉を持ち掛けてくる緊迫した状況,その手は食わないと怒る代わりに「その手は桑名の焼き蛤」と地名と名物を掛けてリズミカルに拒絶,拒絶の意思を明確に伝えながらも 音韻の美しさと無関係な名物の連想によって場の空気を緩和する話術,桑名 現在の三重県桑名市にあたる東海道の宿場町 焼き蛤 桑名宿の有名な名物料理,東海道中膝栗毛などの江戸時代の滑稽本や日常会話の記録に基づく,史実および原典に基づき 中高生が理解しやすいよう現代語訳および一部表現を加筆修正しています
地口,江戸時代,既存のことわざや芝居の台詞などの一部を似た音の別の言葉に置き換えて滑稽な意味を持たせる言葉遊び,発言者 江戸っ子を中心とする町人 と 応答者 会話の相手,他人に謝罪したり恐縮したりする場面において 卑屈になりすぎず粋な態度を保つことが重視された江戸の美学,相手の気迫や実績に対して圧倒され「恐れ入る」という降伏や謝罪の感情を示さざるを得ない状況,単純に謝るのではなく「恐れ入谷の鬼子母神」と江戸の有名な寺社名を被せて言葉の装飾を行う,自身の非や劣勢を認めつつも 瞬時に掛詞を展開することで知的な余裕をアピールし対等な関係を維持する,入谷 江戸の地名 鬼子母神 子供の守り神として信仰される仏教の女神で入谷にある寺院が有名,江戸時代中期以降に流行した地口行灯や洒落本の記述に基づく,史実および原典に基づき 中高生が理解しやすいよう現代語訳および一部表現を加筆修正しています
地口,江戸時代,既存のことわざや芝居の台詞などの一部を似た音の別の言葉に置き換えて滑稽な意味を持たせる言葉遊び,発言者 江戸っ子を中心とする町人 と 応答者 会話の相手,日常の些細な驚きや失敗を過剰に深刻化させず 笑い話として処理することが求められた都市生活,予想外の出来事や突然のトラブルに直面し「びっくりした」と動揺を露わにしてしまう状況,動揺を引きずらずに「びっくり下谷の広徳寺」と巨大な寺院の名前を続けて語呂合わせを完成させる,自身の感情の乱れを定型化された言葉遊びのフォーマットに押し込むことで 客観性と冷静さを即座に取り戻す自己統制,下谷 現在の東京都台東区にあたる地名 広徳寺 下谷にあった非常に広大な敷地を持つ有名なお寺,江戸期の庶民の口語表現および地口をまとめた咄本に基づく,史実および原典に基づき 中高生が理解しやすいよう現代語訳および一部表現を加筆修正しています
洒落,江戸時代,同じ音を持つ別の言葉を重ね合わせることで言葉に多義性を持たせ対立を回避し場を和ませる言語技術,粋を重んじる江戸っ子 と 無作法な振る舞いをする他者,遊郭などの遊び場において身分や財力よりも場の空気を読み当意即妙に振る舞う知的洗練さが評価された社会,田舎侍や無粋な客が遊女や周囲の町人に対して金の力や武士の身分を振りかざして威圧的な態度をとる状況,直接反論せず「あの人は刀は差しても気が差さない」と武士の象徴である刀を差すことと気が利くことを掛けて笑いに変える,身分制度という越えられない壁に対して怒りではなく言語の多義性を利用して対立を相対化し不毛な争いをユーモアで止揚する知性,粋 江戸の町人が理想とした美意識で洗練された振る舞いや態度 止揚 対立する二つのものをより高い次元で統合し解決する哲学用語,洒落本や江戸後期の風俗を記録した随筆などにおける遊里の会話録に基づく,史実および原典に基づき 中高生が理解しやすいよう現代語訳および一部表現を加筆修正しています
洒落,江戸時代,同じ音を持つ別の言葉を重ね合わせることで言葉に多義性を持たせ対立を回避し場を和ませる言語技術,職人や奉公人 と 雇用主や顧客,失敗やミスに対して感情的に怒りをぶつけることが職場の空気を悪化させ共同体全体の不利益につながる労働環境,職人が仕事で失敗をした際雇い主から「お前は腕が落ちたな」と技術の未熟さを激しく非難され精神的に追い詰められる場面,「腕が落ちたなら拾ってくっつけましょう」と技術の低下という非難を物理的な腕の落下にすり替え怒りのベクトルをずらす,相手の攻撃的な非難を文字通りの物理現象として受け取ることで論争の次元を引き上げ深刻な対立をユーモアで包み込んで解消する話術,奉公人 商家や武家などに雇われて働く人々,江戸時代の小話集や噺本の表現技法に基づく,史実および原典に基づき 中高生が理解しやすいよう現代語訳および一部表現を加筆修正しています
洒落,江戸時代,同じ音を持つ別の言葉を重ね合わせることで言葉に多義性を持たせ対立を回避し場を和ませる言語技術,商人 と 不満を持つ顧客,互いの利益が衝突する商取引において関係を完全に断絶させることなく交渉を継続するための緩衝材が求められた,客が商品の値段が高すぎるとして「こんなぼったくりはおかしい」と商人を激しく罵倒し強引に値下げを要求する状況,商人が「高いのは富士山と私の鼻筋だけでございます」と物理的な高さと自尊心の高さに論点をずらし怒りの矛先をかわす,相手の価格に対する不満という直截的な攻撃を景観や人体の特徴という無害な話題へと転換し議論を笑いへと昇華させることで衝突を回避する技術,ぼったくり 不当に高い料金を請求すること,東海道中膝栗毛などの滑稽本に描かれる町人の掛け合いに基づく,史実および原典に基づき 中高生が理解しやすいよう現代語訳および一部表現を加筆修正しています
もじり,江戸時代中期,誰もが知る古典の和歌や名文の字句を一部変更し全く異なる俗悪な意味や滑稽な状況に転換するパロディ表現,教養をひけらかす知識人階級 と 庶民,古典文学の知識が一部の階級の権威となっていた状況に対する大衆文化からの知的反逆という側面が存在した,知識人が難解な古典の知識をひけらかし無教養な者を見下して文化的な優位性を主張しマウントを取ろうとする構造,「来ぬ人を松帆の浦の夕なぎに」という優雅な恋の歌を「来ぬ人を待つのは嫌と夕飯に焼くや秋刀魚の身もこがれつつ」と生活感あふれる内容に改変する,権威ある古典文学の教養を逆手に取り俗悪な日常風景へと引きずり下ろすことで知識の優劣による不毛なマウント合戦を笑いへと転換する批評眼,パロディ 既製の作品を意図的に模倣し滑稽さや風刺を加える表現手法 松帆の浦 百人一首に収められた権中納言定家の和歌の舞台,狂歌集や江戸時代の大衆向け文芸作品の表現形式に基づく,史実および原典に基づき 中高生が理解しやすいよう現代語訳および一部表現を加筆修正しています
もじり,江戸時代中期,誰もが知る古典の和歌や名文の字句を一部変更し全く異なる俗悪な意味や滑稽な状況に転換するパロディ表現,道徳を重んじる武士階級 と 現実を生きる町人,封建社会において支配階級である武士の建前や精神論と町人の物質的欲求や本音の間に大きな乖離があった,武士階級が「武士は食わねど高楊枝」と清貧の美徳を掲げ庶民の物質的欲望や食欲を低俗なものとして非難する場面,「武士は食わねど腹は鳴る」ともじって返し精神論では抑えきれない人間の生理的真実を突きつけ相手の建前を軽妙に破壊する,支配階級の押し付ける道徳的優位性に対して正面から反発するのではなく誰もが逃れられない肉体的な事実を提示して対立を無効化する技術,高楊枝 食後などに余裕を見せて楊枝を使う様子 清貧 私欲を捨てて貧しくとも清らかに生きること,誹風柳多留などの川柳集に見られる武士階級への風刺に基づく,史実および原典に基づき 中高生が理解しやすいよう現代語訳および一部表現を加筆修正しています
もじり,江戸時代中期,誰もが知る古典の和歌や名文の字句を一部変更し全く異なる俗悪な意味や滑稽な状況に転換するパロディ表現,説教を行う宗教者や学者 と 説教を受ける大衆,仏教思想や儒教道徳が社会の隅々にまで浸透する一方で厳格すぎる教訓に対する大衆の息苦しさも生じていた,僧侶や知識人が「地獄の沙汰も金次第」といった世知辛い教訓を振りかざし大衆に過度な反省や寄付を求める窮屈な状況,「地獄の沙汰も嫁次第」や「地獄の沙汰も運次第」など身近な家庭環境やギャンブルの文脈に言葉を置き換え説教の厳粛さを剥ぎ取る,宗教的な権威主義による抑圧を言葉の響きを保ったまま俗世間のパロディに書き換えることで相手の優位性を剥奪し議論をユーモアで調和させる,儒教 中国発祥の倫理や政治の教えで江戸幕府が社会秩序の維持に利用した 沙汰 物事の決着や裁判のこと,江戸時代中期の咄本や大衆向けの通俗的な道徳書の記述に基づく,史実および原典に基づき 中高生が理解しやすいよう現代語訳および一部表現を加筆修正しています
見立て,江戸時代前期から中期,目の前にある事物や状況を全く異なる別の物語や古典の世界に重ね合わせて表現し現実の価値を反転させる想像力の遊戯,貧しい生活を送る長屋の住人 と 裕福な者,厳格な身分制度と経済格差が存在する中で現実の貧困や不遇を精神的な豊かさで乗り越えるための美意識が発達した,貧しい長屋の暮らしを他者から「見すぼらしい」「何もない」と侮蔑され経済的格差による屈辱的なマウントを与えられる場面,質素な食事を「精進料理の極み」と称したり粗末な庭の雪を「白銀の絶景」と見立てることで貧困というマイナス状態を風雅な芸術的状況へと反転させる,物質的な欠乏という現実の攻撃に対して想像力を用いて別の価値体系を上書きし貧富の差に基づくマウントを美意識の次元で止揚する知性,長屋 江戸の庶民が暮らした集合住宅 精進料理 仏教の戒律に基づき肉や魚を使わずに野菜や豆類で作る料理,浮世絵の見立て絵の手法や俳諧における美意識の記述に基づく,史実および原典に基づき 中高生が理解しやすいよう現代語訳および一部表現を加筆修正しています
見立て,江戸時代前期から中期,目の前にある事物や状況を全く異なる別の物語や古典の世界に重ね合わせて表現し現実の価値を反転させる想像力の遊戯,喧嘩をしている当事者同士 と 仲裁に入る第三者,人口が密集する江戸の都市部では日常的な揉め事が頻発しており共同体の秩序を保つための自律的な調停機能が不可欠だった,夫婦喧嘩や隣人トラブルにおいて互いに相手の非を感情的に責め合い一歩も引かずに泥沼の激しい言い争いに発展している状況,仲裁者が入りその激しい喧嘩を「まるで曽我兄弟の仇討ちのようだ」と歌舞伎の演目や英雄伝説に見立てて芝居がかった誇張で場を茶化す,当事者同士の深刻な対立を誰もが知るフィクションの枠組みに落とし込むことで互いの怒りを客観視させ争いそのものを喜劇へと転換して鎮火させる手法,曽我兄弟の仇討ち 鎌倉時代に起きたとされる兄弟による仇討ち事件で江戸時代の歌舞伎で大人気となった演目,落語や講談における揉め事の仲裁場面の描写に基づく,史実および原典に基づき 中高生が理解しやすいよう現代語訳および一部表現を加筆修正しています
見立て,江戸時代前期から中期,目の前にある事物や状況を全く異なる別の物語や古典の世界に重ね合わせて表現し現実の価値を反転させる想像力の遊戯,理不尽な権力を持つ役人や目上の者 と 逆らえない立場の者,封建社会における絶対的な上下関係の中で下位の者が上位の者に直接的な批判を向けることは重大な処罰の対象となる危険があった,役人や目上の者が自身の権力や立場を利用して理不尽な要求や横暴な命令を押し付けてくる逃げ場のない対立状況,横暴な人物を直接批判せず「まるで閻魔大王が機嫌を損ねたようだ」と恐ろしいがどこか滑稽な神仏に見立てて第三者と密かに共有する,相手への直接的な怒りや非難を別のフィルターを通した比喩表現に置き換えることで感情的な衝突を避けつつ精神的優位を保ちストレスを無効化する,閻魔大王 仏教において死者の生前の罪を裁くとされる地獄の王,江戸時代の川柳や風刺文学における権力者批判の暗喩技法に基づく,史実および原典に基づき 中高生が理解しやすいよう現代語訳および一部表現を加筆修正しています
語呂合わせ,江戸時代,言葉の音韻の類似を利用して全く異なる意味を重ね合わせ忌み言葉を避けて縁起の良い言葉に変換する言語遊戯,商人 と 難癖をつける客,言霊信仰が強く残る社会において不吉な言葉の使用は商売の失敗や共同体の不和に直結するという強い忌避感があった,客が提供された梨に対して「梨（無し）とは縁起が悪い」と難癖をつけ商取引の場において感情的なクレームを展開する状況,商人が「これは梨ではなく有りの実でございます」と逆の意味を持つ言葉に置き換えて提供し場の空気を一変させる,相手の理不尽な非難に対して反論するのではなく音韻の変換によって不毛な争いをユーモアで止揚し商売の円滑さを保つ知性,言霊信仰 言葉が現実の事象に影響を与えるとする日本古来の信仰 有りの実 梨の忌み言葉を避けるために用いられた言い換え,江戸時代の風俗辞典や商業慣行を記録した随筆に基づく,史実および原典に基づき 中高生が理解しやすいよう現代語訳および一部表現を加筆修正しています
語呂合わせ,江戸時代,日常生活の中で遭遇する不運や摩擦を数字や単語の語呂合わせによって肯定的な意味に再解釈する民衆の知恵,博徒や商人 と その競争相手,賭け事や商売の浮き沈みが激しい江戸の町において損失や失敗を巡る直接的な罵倒は流血の事態に発展する危険があった,競争相手が「お前はすって（お金を失って）ばかりだな」と損失を揶揄し相手を挑発してマウントを取ろうとする緊迫した場面,揶揄された側が酒の肴である「するめ」を「あたりめ（当たり目）」と言い換え自身の運気はこれから上がると笑って返す,相手の悪意ある挑発に正面から乗らず日常語の再定義によって対立をアウフヘーベンし精神的優位性を確保するゲーム性,博徒 賭博を専門とする人々 するめ イカの乾物で「お金をする（失う）」に通じるため江戸の商人が嫌った言葉,守貞謾稿などの江戸後期の風俗記録に基づく,史実および原典に基づき 中高生が理解しやすいよう現代語訳および一部表現を加筆修正しています
語呂合わせ,江戸時代,災厄や病気に対する不安を特定の数字と音の組み合わせで呪術的に無効化しようとする言葉の変換技術,病気や災難を恐れる庶民 と 不安を煽る者,疫病や火災が頻発する都市環境において人々の不安は容易にパニックや他者への攻撃に転化しやすい状況にあった,些細な体調不良や不運を捉えて「それは悪霊のせいだ」などと他者の不安を過剰に煽り共同体内に恐怖を伝染させる行為,瓢箪を六つ揃えた「六瓢」を描きこれを「無病（むびょう）」と読ませることで不安を煽る言葉を視覚的な言葉遊びで打ち消す,恐怖や不安という原始的な感情の暴走を語呂合わせという論理的かつユーモラスな意匠によって鎮火させる文化的な防衛機制,六瓢 むびょうと読み無病息災を願う縁起物として江戸時代に広く流行した意匠,江戸時代の大衆文化における縁起物の図案や浮世絵に基づく,史実および原典に基づき 中高生が理解しやすいよう現代語訳および一部表現を加筆修正しています
判じ絵,江戸時代中期から後期,絵に隠された音を組み合わせて別の言葉を導き出す視覚的ななぞなぞであり検閲を逃れるための暗号としても機能した文化,浮世絵師や版元 と 幕府の役人,寛政の改革や天保の改革などにより贅沢品や役者絵が厳しく弾圧され庶民の娯楽が権力によって不当に奪われていた時代,幕府が風紀粛正を名目に人気の歌舞伎役者の顔や名前を描いた浮世絵の出版を禁止し文化的な表現を一方的に力で抑圧する状況,役者の名前を直接書かず「琴」と「柱（じ）」と「菊」の絵を描いて「尾上菊五郎（ことじきくごろう）」と読ませる作品を出版する,権力者からの強圧的なルールに対して怒りや暴力で反発するのではなく知的な暗号解読ゲームに変換して抑圧を無効化する知性,寛政の改革 江戸幕府が行った厳格な政治改革で出版統制が強化された 琴柱 琴の糸を下から支えて音を調節する道具,歌川国芳などの浮世絵師が残した判じ物の役者絵に基づく,史実および原典に基づき 中高生が理解しやすいよう現代語訳および一部表現を加筆修正しています
判じ絵,江戸時代中期から後期,絵に隠された音を組み合わせて別の言葉を導き出す視覚的ななぞなぞであり人間関係の摩擦を減らす衣服の柄としても流行した,粋を重んじる町人 と 揉め事を持ち込む者,狭い地域社会では他人の揉め事や派閥争いに巻き込まれるリスクが高く角を立てずに距離を置くための非言語コミュニケーションが発達した,地域のトラブルメーカーが特定の人物の悪口に同調するよう求めたり不毛な争いへの参加を強要してくる厄介な状況,鎌の絵と輪の絵と「ぬ」の文字を組み合わせた「構わぬ（かまわぬ）」柄の浴衣を着て無言のうちに一切の関与を拒絶する,直接的な言葉で拒絶して新たな対立を生むのではなく衣服の柄という高度なデザイン表現によって不毛な争いをスマートに回避する技術,鎌輪ぬ 江戸時代に歌舞伎役者の七代目市川団十郎が舞台で用いて大流行した判じ絵の模様,江戸時代の風俗画や染物屋の図案集における意匠の記録に基づく,史実および原典に基づき 中高生が理解しやすいよう現代語訳および一部表現を加筆修正しています
判じ絵,江戸時代中期から後期,絵に隠された音を組み合わせて別の言葉を導き出す視覚的ななぞなぞであり商売における験担ぎや競争相手への牽制にも用いられた,商人 と 同業者や不満を持つ客,商売敵との競争が激化する中で相手を直接誹謗中傷することは自身の品格を下げる行為として軽蔑される美意識が存在した,競争相手が「あそこの店は最近暇そうだ」と根拠のない悪評を立てたり客が「もっと安くしろ」と無茶な要求を突きつけてくる状況,店頭に春夏冬と二升五合を描いた看板を掲げ「秋ない（商い）升升半升（益々繁盛）」と読ませることで言葉遊びで堂々と返り討ちにする,悪意ある噂や理不尽な要求という低次元な攻撃に対して芸術性の高い判じ絵で応答し議論の次元を引き上げて相手を圧倒する美学,春夏冬 秋がないことから「商い」と読ませる定番の判じ物 升 木や竹で作られた体積を計る容器,江戸時代の商家で実際に使用された看板や引札の意匠に基づく,史実および原典に基づき 中高生が理解しやすいよう現代語訳および一部表現を加筆修正しています
文字絵,江戸時代中期,仮名文字や漢字を組み合わせて人物や動物の顔などの絵を描き出す遊びであり手習いの退屈さを紛らわせる知的な娯楽,寺子屋の師匠 と 手習いをする子供たち,寺子屋において読み書きの反復練習は単調で苦痛を伴うものであり師匠と生徒の間で学習態度を巡る日常的な摩擦が生じていた,師匠が文字の形が崩れていることや集中力がないことを厳しく叱責し子供たちが反発心を抱いて教室の空気が悪化する状況,子供が「へのへのもへじ」と文字を組み合わせて滑稽な顔の絵を描いてみせ文字の練習そのものを遊びの表現へと転換する,叱責という一方的な抑圧に対して学習対象である文字そのものを利用したユーモアで応じ師匠も思わず笑ってしまうような見事なアウフヘーベン,寺子屋 江戸時代に町人や農民の子供たちに読み書き算盤を教えた民間の教育施設 へのへのもへじ 平仮名7文字を使って描く代表的な文字絵,寺子屋の風景を描いた浮世絵や江戸時代の戯画に基づく,史実および原典に基づき 中高生が理解しやすいよう現代語訳および一部表現を加筆修正しています
文字絵,江戸時代中期,仏教の経典や名号の文字を用いて仏や高僧の姿を描き出す手法であり難解な教義を大衆に分かりやすく伝えるための視覚表現,異なる宗派の僧侶や信徒 と 大衆,仏教の各宗派間で教義の解釈を巡る激しい論争があり一般大衆にとっては難解で近寄りがたい不毛な対立構造が存在した,僧侶たちが「我々の教義こそが正統である」と難解な経典を引用して他宗派を論破しようとする排他的で攻撃的なマウント合戦,論争に加わる代わりに「南無大師遍照金剛」という文字の輪郭を使って弘法大師の美しい姿を描き出した文字絵を提示する,文字による教条的なデスマッチから視覚的な美しさと信仰心を融合させた文字絵へと表現の土俵を移し不毛な争いを無効化する知恵,名号 仏や菩薩の名前 南無大師遍照金剛 真言宗において弘法大師空海に帰依することを唱える言葉,江戸時代に制作された文字絵の掛け軸や仏教版画の表現に基づく,史実および原典に基づき 中高生が理解しやすいよう現代語訳および一部表現を加筆修正しています
文字絵,江戸時代中期,日常的な文字を別の形に偽装して描くことで特定の相手にのみ意味を伝える暗号としての機能を持った文字遊び,密かな想いを交わす男女 と 世間の目,封建社会における厳格な身分制度や家父長制の下では自由な恋愛はタブー視されており世間の噂や監視の目が常に存在した,家長や周囲の人間が「怪しい手紙のやり取りをしていないか」と疑いの目を向けプライベートな関係を監視し抑圧してくる息苦しい環境,一見するとただの風景画や花の絵に見えるがよく見ると文字が隠されている文字絵の恋文を送り監視の目をすり抜ける,世間の監視という外的な抑圧に対して直接反発して騒ぎを起こすのではなく高度な芸術的暗号を用いることで密かに勝利を収めるゲーム性,家父長制 家族の中で最も権力を持つ男性が家族全体を支配する制度 葦手絵 平安時代から存在する文字を風景の中に隠し込む技法で文字絵の源流,江戸時代の恋文に関する風俗記録や遊び絵の技法に基づく,史実および原典に基づき 中高生が理解しやすいよう現代語訳および一部表現を加筆修正しています
回文,江戸時代,上から読んでも下から読んでも同じ音になるように言葉を配列する高度な言語遊戯,知識人や俳諧師 と その競争相手,和歌や俳諧の教養を持つ者同士が集まる場で単なる優劣を競う知的なマウント合戦が生じやすかった,相手が「自分の方がより美しい詩的な情景を詠める」と複雑な修辞を用いて教養の深さをひけらかし優位に立とうとする,「長き夜の遠の眠りの皆目覚め波乗り船の音の良きかな」と意味と情景を保ったまま完全な対称性を持つ歌を提示する,単なる美しさの競い合いを文字配列の数学的制約という全く異なる次元のゲームに引き上げマウント合戦を驚嘆へとアウフヘーベンする知性,俳諧師 江戸時代に俳諧を職業として教えたり作品を評価したりした人々 修辞 言葉を美しく巧みに用いて効果的に表現する技術,室町時代から江戸時代にかけて流行した回文和歌の記述に基づく,史実および原典に基づき 中高生が理解しやすいよう現代語訳および一部表現を加筆修正しています
回文,江戸時代,上から読んでも下から読んでも同じ音になるように言葉を配列する高度な言語遊戯,悪夢や災厄を恐れる庶民 と 不可視の脅威,科学的な知識が乏しい時代において初夢の悪夢は現実の不吉な予兆として人々の精神を激しく消耗させる原因であった,予期せぬ病気や不幸などの見えない脅威が人々の心に不安を植え付け心理的なパニックを引き起こそうとする状況,回文和歌を宝船の絵に書き初夢を見る際に枕の下に敷くことで悪夢という脅威を物理的な呪術アイテムで無効化しようとする,恐怖という原始的な感情に対して始まりも終わりもない円環構造を持つ言葉を盾として提示し不安の連鎖を断ち切る精神的防衛術,宝船 七福神や宝物を乗せた帆船のことで正月二日の夜に見る初夢の縁起物として描かれた,江戸時代の正月行事や縁起物に関する風俗記録に基づく,史実および原典に基づき 中高生が理解しやすいよう現代語訳および一部表現を加筆修正しています
回文,江戸時代,上から読んでも下から読んでも同じ音になるように言葉を配列する高度な言語遊戯,町人 と 些細なことで口論を仕掛ける者,人口が密集する都市部では日常的な意見の相違がすぐに感情的な罵倒や暴力沙汰に発展しやすい環境にあった,相手が「お前の言っていることは筋が通っていない」と論理の矛盾を突き激しい口調で非難を浴びせてくる緊迫した場面,「竹屋が焼けた」などの短い回文を唐突に発し議論の論理的文脈を音韻の遊びへと強制的に脱線させる,相手の攻撃的な論理を意味の通じる言葉遊びのフレームに閉じ込めることで怒りの矛先を逸らし不毛な争いを笑いで止揚する技術,音韻 言葉の音の響きや調子のこと,江戸時代の言葉遊びをまとめた遊戯本や雑記に基づく,史実および原典に基づき 中高生が理解しやすいよう現代語訳および一部表現を加筆修正しています
尻取り,平安時代以降,前の人が言った言葉の最後の音を最初の音にして次の言葉を繋いでいく連想ゲームで古くは文字鎖と呼ばれた,貴族や教養人 と 和歌の贈答相手,和歌を通じた知性の競い合いにおいて相手の歌の技術を評価しつつ自身の優位性も示さなければならない社会的プレッシャー,相手がわざと次の句を繋ぎにくい特殊な音で終わる和歌を詠みこちらの知性を試すようにプレッシャーをかけてくる状況,相手の意図を察知した上でその難しい音から始まる見事な情景の和歌を即座に返し何事もなかったかのように優雅に振る舞う,相手の仕掛けた知的な罠に対して怒りや焦りを見せず規則に従いながら美意識を上乗せして返すことで対立を連作の芸術へと昇華させる,文字鎖 尻取りの古い呼び方で和歌の上の句と下の句を特定の文字で繋いでいく言葉遊び,平安時代の歌合や連歌の発生に関する文学史料に基づく,史実および原典に基づき 中高生が理解しやすいよう現代語訳および一部表現を加筆修正しています
尻取り,江戸時代,前の人が言った言葉の最後の音を最初の音にして次の言葉を繋いでいく連想ゲームで古くは文字鎖と呼ばれた,遊び半分の町人 と 喧嘩腰の相手,酒場や路上での些細な諍いが原因で言葉の暴力が飛び交いそのまま刃傷沙汰に発展することも珍しくない都市の日常,相手が酒に酔って「この野郎」などと感情的に罵倒し一方的な暴力やデスマッチ的なマウントに持ち込もうとする場面,「う」で終わった言葉に対して「うどん」などと返し相手の罵倒を強制的に尻取りのゲームの開始合図として処理してしまう,暴力的な感情のぶつけ合いをルールのある言語ゲームへと強制変換することで相手の怒りのリズムを崩し不毛な争いを無効化する,刃傷沙汰 刃物で人を傷つけるような喧嘩や事件のこと,江戸時代の大衆向け滑稽本や落語における喧嘩の描写に基づく,史実および原典に基づき 中高生が理解しやすいよう現代語訳および一部表現を加筆修正しています
尻取り,江戸時代,前の人が言った言葉の最後の音を最初の音にして次の言葉を繋いでいく連想ゲームで古くは文字鎖と呼ばれた,遊郭の遊女 と 厄介な客,遊郭という非日常の空間において金の力で無理難題を押し付ける客の機嫌を損ねずにあしらう必要があった,客が「もう帰る」とすねたり「金が惜しい」と無粋な不満を漏らして座敷の空気を重くし遊女を困らせようとする状況,客の言葉の語尾を拾って「るすにするのは嫌」などと色っぽい言葉で繋ぎ会話の主導権を遊びの領域へと引き戻す,相手の否定的な感情表現を拒絶するのではなく言葉のルールを利用して肯定的な関係性へと再構築し場の空気を調和させる話術,遊郭 江戸時代に公許された遊女屋が集まる地域 無粋 場の空気や人情の機微を理解しない態度,洒落本や遊里の風俗を描いた文学作品における会話描写に基づく,史実および原典に基づき 中高生が理解しやすいよう現代語訳および一部表現を加筆修正しています
早口言葉,江戸時代,言いにくい言葉を早く正確に言うことを競う遊びであり元々は歌舞伎役者の滑舌訓練や大道芸の口上から派生した,香具師や大道芸人 と 疑り深い観客,路上で薬や品物を売る際に見物客から胡散臭い目で見られ商売の信用を獲得するための圧倒的なパフォーマンスが必要だった,観客が「その薬は本当に効くのか」と野次を飛ばし商人の権威や商品の価値を言葉で引きずり下ろそうと挑発してくる場面,「武具馬具武具馬具三武具馬具」などの複雑な言葉を圧倒的なスピードと正確な発音で畳み掛け反論の隙を与えない,相手の論理的な疑いに対して意味ではなく音声の身体的な極限技巧を提示することで野次を感嘆へと変え論争を力技で終結させる,香具師 祭りや盛り場で品物を売ったり見世物を興行したりする商人 外郎売 歌舞伎の演目の一つで早口言葉を駆使した薬売りの口上が有名,歌舞伎十八番の外郎売の口上や江戸時代の路上大道芸の記録に基づく,史実および原典に基づき 中高生が理解しやすいよう現代語訳および一部表現を加筆修正しています
早口言葉,江戸時代,言いにくい言葉を早く正確に言うことを競う遊びであり元々は歌舞伎役者の滑舌訓練や大道芸の口上から派生した,寺子屋の子供たち と 威圧的なガキ大将,子供たちのコミュニティにおいて腕力や体格の差によるヒエラルキーが形成され力による支配が行われやすい環境,ガキ大将が体格の差を背景にして理不尽な命令を下したり言葉の暴力で弱い子供を従わせようと圧力をかけてくる状況,暴力には直接立ち向かわず「坊主が屏風に上手に坊主の絵を描いた」と早口言葉の勝負を持ちかけ土俵を言語の技術戦へと移す,物理的な暴力の恐怖という対立状態を身体能力とは無関係な発音の技術というルールのあるゲームへ移行させヒエラルキーを相対化する,寺子屋 町人や農民の子供たちに読み書き算盤を教えた民間の教育施設 ヒエラルキー 身分や階級の上下関係,江戸時代の子供の遊びを記録した童謡や風俗画に基づく,史実および原典に基づき 中高生が理解しやすいよう現代語訳および一部表現を加筆修正しています
早口言葉,江戸時代,言いにくい言葉を早く正確に言うことを競う遊びであり元々は歌舞伎役者の滑舌訓練や大道芸の口上から派生した,宴会の参加者 と 座を仕切る上位者,武士や町人の宴席において目上の人間が場を盛り上げるために目下の者に無理な余興を強要するハラスメント的な構造,上位者が「何か面白いことをやれ」と無茶ぶりをし失敗すれば嘲笑の対象にしようと意地悪なマウントを取ってくる場面,「生麦生米生卵」などの定番の早口言葉を披露し成功して喝采を浴びるかあるいは見事に噛んで場を爆笑させる,相手の理不尽な要求に対して自身の身体的エラーさえも笑いのコンテンツとして提供し不毛な権力誇示を平和的な宴会芸へとアウフヘーベンする,無茶ぶり 相手が困るような無理な注文を突然押し付けること,江戸時代の宴会や酒の席における遊びを記録した随筆に基づく,史実および原典に基づき 中高生が理解しやすいよう現代語訳および一部表現を加筆修正しています
ぎなた読み,江戸時代,文章の区切りを本来とは異なる位置で区切って読むことで全く別の意味を持たせる言葉遊びで弁慶がなぎなたを持ってが語源,知識人や戯作者 と 厳格な検閲官,幕府による出版統制が厳しく為政者への批判や風紀を乱す表現が発覚すれば重い処罰を受ける危険な社会情勢,検閲官が「この文章は幕府を批判しているのではないか」と疑いの目を向け表現の自由を権力によって抑圧しようとする緊迫した状況,一見すると無害な文章だが区切りを変えて読むと権力者を痛烈に風刺する意味が浮かび上がるように文章を構成して提出する,権力による一方的な言葉の弾圧に対して構文の境界線を操作するという知的トリックで応戦し検閲の網をすり抜ける批評的ゲーム性,戯作者 江戸時代後半に娯楽的な小説や読み物を書いた作家たち 検閲 権力者が書物などの内容を事前に調べ不都合なものを取り締まること,天保の改革期の風刺文学や狂歌における言葉遊びの技法に基づく,史実および原典に基づき 中高生が理解しやすいよう現代語訳および一部表現を加筆修正しています
ぎなた読み,江戸時代,文章の区切りを本来とは異なる位置で区切って読むことで全く別の意味を持たせる言葉遊びで弁慶がなぎなたを持ってが語源,屁理屈を好む町人 と 権威を振りかざす役人,役人が立てた高札や規則に対して庶民は表向きは従順を装いつつも裏ではその権威を茶化して留飲を下げる文化があった,役人が「ここではきものをぬぐこと」という履物を脱ぐことを命じる厳格な指示を掲示し庶民の行動を細かく制限しようとする場面,掲示された文字をわざと「ここでは きものをぬぐこと」と区切って読み衣服を脱ぐ真似をして見せ規則の厳粛さを破壊する,権力者が設定した絶対的なルールを言葉の区切りの曖昧さを突いて滑稽な状況へと転換し不毛な服従関係を笑いで止揚する,高札 幕府や領主が法令や禁令を板に書いて高く掲げた札 留飲を下げる 不満や恨みが解消して気分がスッキリすること,江戸時代の大衆向け小話や落語の小ネタとして伝わる言葉遊びに基づく,史実および原典に基づき 中高生が理解しやすいよう現代語訳および一部表現を加筆修正しています
ぎなた読み,江戸時代,文章の区切りを本来とは異なる位置で区切って読むことで全く別の意味を持たせる言葉遊びで弁慶がなぎなたを持ってが語源,日常生活を送る人々 と 深刻なトラブル,日常の中で発生する借金や人間関係の揉め事などのストレスを真正面から受け止めると精神的に耐えられない過酷な現実,相手から手紙で「かねてより おねがい申しておりました件」と重苦しい借金の催促や厄介な頼みごとを突きつけられる憂鬱な状況,わざと「かねてよりお ねがい申しておりました」と奇妙な区切りで音読し手紙の持つ深刻なメッセージ性を物理的な音声として崩壊させる,外部からの精神的圧迫を意味を剥奪した単なる音声の連なりへと解体することで自身の心を守り事態を相対化する防衛術,催促 相手に物事を早く実行するように要求すること,江戸時代の庶民の日常生活における手紙のやり取りや口承文芸に基づく,史実および原典に基づき 中高生が理解しやすいよう現代語訳および一部表現を加筆修正しています
軽口,江戸時代前期から中期,二人の演者が滑稽な掛け合いを行い言葉の多義性や勘違いを利用して笑いを生み出す上方発祥の演芸,太夫と呼ばれる突っ込み役 と 才蔵と呼ばれるボケ役,路上や小屋での興行において観客の耳を引きつけるため対立構造を意図的に演じてみせる手法が求められた,太夫が「俺は天下一の金持ちだ」などと現実離れした自慢話や横暴な態度を展開し才蔵を一方的に威圧する理不尽な状況,才蔵がその自慢の言葉を似た音の貧乏くさい言葉にわざと聞き間違えて返し太夫の権威を瞬時に失墜させる,権力や財力によるマウントを言葉の響きという無関係な次元に引きずり下ろし不毛な優劣の争いをユーモアでアウフヘーベンする知性,太夫と才蔵 万歳や軽口における役回りで現在の漫才のツッコミとボケの原型 上方 江戸時代の京都や大坂を中心とした文化圏,江戸時代に出版された軽口本や上方萬歳の記録に基づく,史実および原典に基づき 中高生が理解しやすいよう現代語訳および一部表現を加筆修正しています
軽口,江戸時代前期から中期,二人の演者が滑稽な掛け合いを行い言葉の多義性や勘違いを利用して笑いを生み出す上方発祥の演芸,知識をひけらかす太夫 と 無学を装う才蔵,儒教や古典の知識が教養の証とされた時代において知識人による大衆への見下しという社会的な摩擦が存在した,太夫が難解な故事成語や仏教用語を用いて才蔵を無知だと決めつけ知識による減点マウントを取ろうと激しく非難する場面,才蔵がその難解な言葉を卑猥な言葉や生活用品の名前にすり替えて解釈し全く噛み合わない対話に持ち込む,教養の有無というヒエラルキーを音韻の類似性によって破壊し論理的なデスマッチを喜劇へと転換して対立を無効化する,故事成語 昔の出来事から生まれた教訓を含む言葉 マウント 相手より優位に立とうとする態度,軽口御前男などの初期の軽口本に描かれる対話劇に基づく,史実および原典に基づき 中高生が理解しやすいよう現代語訳および一部表現を加筆修正しています
軽口,江戸時代前期から中期,二人の演者が滑稽な掛け合いを行い言葉の多義性や勘違いを利用して笑いを生み出す上方発祥の演芸,怒りっぽい侍の役 と 飄々とした町人の役,身分制度の頂点に立つ武士の理不尽な怒りに対して町人が直接反抗することは死に直結する危険な行為であった,侍が些細なことで激高し「無礼者め手打ちにしてくれるわ」と圧倒的な暴力と権力を背景に町人を脅迫する緊迫した状況,町人が「手打ちになさるなら蕎麦が良いです」と処刑の手打ちを麺を打つ手打ちにすり替えて呑気に返す,死の恐怖という究極の対立状態を同音異義語のトリックで日常の食事の風景へと強制的にスライドさせ不毛な争いをつぶす技術,手打ち 武士が無礼を働いた者をその場で斬り捨てること,江戸時代中期の咄本や寄席演芸の台本における身分風刺に基づく,史実および原典に基づき 中高生が理解しやすいよう現代語訳および一部表現を加筆修正しています
江戸小咄,江戸時代中期から後期,日常生活の滑稽な一場面を切り取り最後に気の利いた落ちをつけることで完結する短編の笑い話,けちで強欲な店主 と 賢い客,貨幣経済が発達し町人文化が成熟する中で商取引における騙し合いや価格交渉の摩擦が日常茶飯事となっていた,店主が明らかに質が悪い品物を高値で売りつけようとしたり不当な料金を請求して客から搾取しようと企む状況,有名な鰻の嗅ぎ代の小咄のように匂いの代金を請求された客が銭をチャリンと鳴らし「音の代金だ」と見事に返す,相手の理不尽な要求に対して怒って喧嘩をするのではなく相手の論理をそのまま鏡のように反射させて不毛な争いをアウフヘーベンする,落ち 小咄や落語の最後にある話の結末や笑いのポイント 嗅ぎ代 鰻を焼く匂いを嗅いだことに対する架空の代金,きのふはけふの物語などの江戸小咄集に収録された逸話に基づく,史実および原典に基づき 中高生が理解しやすいよう現代語訳および一部表現を加筆修正しています
江戸小咄,江戸時代中期から後期,日常生活の滑稽な一場面を切り取り最後に気の利いた落ちをつけることで完結する短編の笑い話,不満を抱える夫 と 機転の利く妻,家父長制の建前のもとで夫が絶対的な権力を持つ一方で実質的な家庭内の主導権を巡る夫婦間の日常的な衝突があった,夫が「お前は料理が下手だ」「気が利かない」などと妻を一方的に見下し感情的な減点マウントで家庭内を支配しようとする場面,妻が夫の言葉の尻を捉えて見事な掛詞で返し夫自身の不甲斐なさや欠点を遠回しに指摘して反撃する,正面からの口論は家庭崩壊を招くためユーモアという緩衝材を用いて相手の攻撃を無力化し夫婦関係の破綻を回避する知恵,家父長制 男性が家の長として強い権力を持つ家族制度 掛詞 一つの言葉に二つ以上の意味を持たせる修辞技法,江戸時代の小話本に数多く見られる長屋の夫婦喧嘩の描写に基づく,史実および原典に基づき 中高生が理解しやすいよう現代語訳および一部表現を加筆修正しています
江戸小咄,江戸時代中期から後期,日常生活の滑稽な一場面を切り取り最後に気の利いた落ちをつけることで完結する短編の笑い話,横暴な役人 と 抜け目ない町人,幕府の定めた細かい規則や禁令が庶民の生活を窮屈にしており権力への静かな反発とストレスが蓄積していた,役人が「この橋を渡るべからず」などと理不尽な禁止札を立て権力を誇示して町人の通行や生活を意地悪く妨害する状況,町人が「端を渡るべからず」と文字を都合よく解釈し橋の真ん中を堂々と歩いて渡ることで役人の命令を無効化する,権力の命令そのものは否定せずに言葉の解釈の隙を突くことで正面衝突を避けつつ見事に抑圧を跳ね返す知的ゲーム,禁令 幕府や藩が民衆に対して特定の行為を禁止した命令,江戸時代の庶民の頓知をまとめた笑話集に基づく,史実および原典に基づき 中高生が理解しやすいよう現代語訳および一部表現を加筆修正しています
三題噺,江戸時代後期から幕末,寄席において観客から無作為に出された三つの全く無関係なお題を即興で一つの筋の通った物語にまとめ上げる落語の演目,意地悪な観客 と 高座の落語家,寄席の観客は単に話を聞くのではなく演者の力量を試し失敗すれば容赦なく野次を飛ばす厳しい批評家でもあった,観客が演者を困らせようと意図的に「雷」「お灸」「小言」といった全く脈絡のない三つの言葉を意地悪く提示して挑発する場面,落語家が瞬時に頭の中で論理を組み立てそれらの言葉が必然性を持って結びつく見事な物語を即興で紡ぎ出し爆笑をさらう,他者を引きずり下ろそうとする観客の悪意あるデスマッチを演者の圧倒的な構成力によって極上のエンターテインメントへとアウフヘーベンする,寄席 落語や講談などの大衆芸能を興行する演芸場 高座 演者が上がる一段高い舞台,三遊亭円朝などが活躍した幕末から明治初期の寄席の記録に基づく,史実および原典に基づき 中高生が理解しやすいよう現代語訳および一部表現を加筆修正しています
三題噺,江戸時代後期から幕末,寄席において観客から無作為に出された三つの全く無関係なお題を即興で一つの筋の通った物語にまとめ上げる落語の演目,競い合う落語家同士 と 審査する観客,多くの演者がしのぎを削る演芸界において自身の知的優位性を証明し人気を獲得するための熾烈な生存競争が存在した,ライバルの演者がサクラの客を使って絶対に繋がらないような難解な単語を三つ出させ相手を高座で恥をかかせようと画策する状況,仕掛けられた演者がその罠を見抜きあえてその三題を見事に捌いた上で物語の中にライバルを皮肉る落ちを忍び込ませて返り討ちにする,同業者同士の陰湿な足の引っ張り合いを三題噺という厳格なルールの枠内で処理し不毛な争いを知的な芸の競い合いへと昇華させる,サクラ 主催者や演者と結託して客のふりをし場を盛り上げたり特定の行動をとる者,江戸時代の落語家たちの競争を記録した芸談や随筆に基づく,史実および原典に基づき 中高生が理解しやすいよう現代語訳および一部表現を加筆修正しています
三題噺,江戸時代後期から幕末,寄席において観客から無作為に出された三つの全く無関係なお題を即興で一つの筋の通った物語にまとめ上げる落語の演目,幕府の密偵や役人 と 落語家,天保の改革などの風紀粛正により政治批判や贅沢に関する表現が厳しく検閲され寄席の存続自体が危ぶまれる時代背景,密偵が観客に紛れ込みわざと政治的に際どい言葉や禁止されている贅沢品の名前をお題として出し演者を処罰の罠に掛けようとする場面,演者がその危険な言葉を全く政治性のない日常の滑稽な勘違いや単なる同音異義語として処理し物語を無害な笑いへと着地させる,権力による弾圧の罠に対して沈黙や反発ではなく高度な文脈のすり替えを行い政治的対立の火種をユーモアで完全に消し去る防衛術,天保の改革 江戸幕府が行った政治改革で寄席の数が制限され演目も厳しく統制された 密偵 権力者の命を受けて秘密裏に人々の動向を探る者,幕末期の寄席に対する警察機構の介入と落語家の対応に関する史料に基づく,史実および原典に基づき 中高生が理解しやすいよう現代語訳および一部表現を加筆修正しています
落語,江戸時代,日常の滑稽な出来事や人間の業を話芸のみで描写し最後に落ちをつけることで完結する大衆演芸,借金を抱える長屋の住人 と 取り立てに来る商人,大晦日には借金を必ず清算しなければならないという江戸の厳格な経済ルールがあり支払えない者にとっては死活問題となる過酷な状況,商人が借金を回収するため怒鳴り込んだり居座ったりして容赦なく金を払えと激しい心理的圧力をかけてくる緊迫した場面,「掛取万歳」のように商人の趣味である狂歌や芝居の真似事で借金の言い訳を表現し商人を観客の立場へと強制的に引き込む,現実の金銭トラブルという深刻な対立を相手の趣味を利用した演芸の土俵へと引きずり込み怒りを笑いで無効化して支払いを猶予させる見事な止揚,掛取万歳 落語の演目の一つで大晦日の借金取りを様々な芸で追い払う話 狂歌 社会風刺や皮肉を込めて五七五七七で詠む滑稽な和歌,江戸時代後期から明治期にかけて成立した古典落語の演目録に基づく,史実および原典に基づき 中高生が理解しやすいよう現代語訳および一部表現を加筆修正しています
落語,江戸時代,日常の滑稽な出来事や人間の業を話芸のみで描写し最後に落ちをつけることで完結する大衆演芸,長屋の若い衆 と その中の一人の強がりな男,若者たちの集団において他者の弱点を見つけてからかい心理的な優位に立とうとする日常的なマウント合戦が存在した,「饅頭こわい」のように悪ふざけとして男が一番恐れるという饅頭を大量に部屋に投げ込み恐怖で泣き叫ぶ姿を見て嘲笑しようとする陰湿な行為,男は震えるふりをしながら饅頭を全て平らげ最後に「今度は熱いお茶がこわい」と言い放ち恐怖が嘘であったことを鮮やかに明かす,集団による悪意あるいじめの構造を逆手にとり自身の利益へと変換することで怒りや報復に頼らず相手の悪意を完全に骨抜きにする知的な逆転劇,饅頭こわい 若者たちの会話から始まる古典落語の有名な演目で人間の心理の裏を突く傑作,江戸時代の大衆向け笑話本から発展したとされる古典落語の台本に基づく,史実および原典に基づき 中高生が理解しやすいよう現代語訳および一部表現を加筆修正しています
落語,江戸時代,日常の滑稽な出来事や人間の業を話芸のみで描写し最後に落ちをつけることで完結する大衆演芸,知ったかぶりをする隠居 と 質問に来た無学な若者,年長者や知識人は常に尊敬の対象でなければならず知らないと認めることは社会的権威の失墜を意味する厳しいプライドの構造,若者が「千早振る神代も聞かず竜田川」という在原業平の難解な和歌の意味を無邪気に尋ね隠居の教養を無意識のうちに試す絶対絶命の場面,「千早振る」のように相撲取りの竜田川と花魁の千早という全く架空の人物の悲恋物語を即興ででっち上げもっともらしい顔で和歌の解釈として語り切る,無知の露呈という恥辱の危機に対して学術的な正解を放棄し圧倒的な想像力による嘘の物語を構築することで無学な若者を楽しませつつ自身の権威も守る機知,在原業平 平安時代の貴族で六歌仙の一人 千早振る 業平の和歌を題材にした古典落語の演目,江戸時代後期の咄本に原型が見られる寄席演芸の記録に基づく,史実および原典に基づき 中高生が理解しやすいよう現代語訳および一部表現を加筆修正しています
都々逸,江戸時代末期,七七七五の音律に乗せて男女の恋愛や人情の機微を三味線と共に唄い上げる庶民的な俗曲,嫉妬に狂う女性 と 心当たりのある男性,遊里や色街において恋愛関係の縺れは日常茶飯事であり感情のままに刃傷沙汰に発展することも少なくない危険な人間関係,男性が他の女性に心変わりをしたことに対して女性が怒り狂い相手を激しく罵倒して感情的なデスマッチを仕掛けようとする修羅場,怒りを直接ぶつける代わりに「諦めましたよどう諦めた諦め切れぬと諦めた」と自身の矛盾する複雑な感情を七七七五の定型に押し込めて唄う,殺意すら伴う激しい嫉妬を韻律の美しい詩的表現へと昇華させることで自身の感情を客観視し相手にも美的な感嘆を与えて対立を沈静化させる芸術的処理,遊里 江戸時代に公許された遊女が集まる歓楽街 俗曲 江戸時代の大衆の間で流行した三味線伴奏の歌謡,江戸末期に都々逸坊扇歌が確立した都々逸の代表的な歌詞に基づく,史実および原典に基づき 中高生が理解しやすいよう現代語訳および一部表現を加筆修正しています
都々逸,江戸時代末期,七七七五の音律に乗せて男女の恋愛や人情の機微を三味線と共に唄い上げる庶民的な俗曲,貧しい生活を送る庶民 と 裕福な権力者,厳格な身分制度と経済格差が存在し富める者が貧しい者を見下すという構造的なマウントが社会に蔓延していた,裕福な者が金や権力を誇示し貧しい者の質素な生活をみすぼらしい惨めだと直接的あるいは間接的に嘲笑し精神的に追い詰める状況,「恋に焦がれて鳴く蝉よりも鳴かぬ蛍が身を焦がす」と唄い口数少なく耐え忍ぶ者の方にこそ深い情熱や美しさがあるという価値観を提示する,経済的な劣位という変えられない現実に対して騒がしい金持ちを蝉に無口な貧者を蛍に見立て美意識の次元で価値を逆転させ精神的な優位を確保する知性,都々逸坊扇歌 都々逸の創始者とされる幕末の寄席芸人,江戸時代の大衆の心性を表す都々逸の代表的な表現に基づく,史実および原典に基づき 中高生が理解しやすいよう現代語訳および一部表現を加筆修正しています
都々逸,江戸時代末期,七七七五の音律に乗せて男女の恋愛や人情の機微を三味線と共に唄い上げる庶民的な俗曲,接客業の女性 と 嫌な客,客商売において金を払う客は絶対的な存在でありどれほど無作法であっても表面上は笑顔でもてなさなければならない労働の苦痛,客が横柄な態度をとったりしつこく絡んだりして働く側の尊厳を傷つけながら長居し精神的な疲労を一方的に強いるストレスフルな環境,客を追い出すことはせず帰った後に「いやなお客の帰ったあとは掃かぬ座敷が清清し」と嫌悪感をユーモラスな毒舌として七七七五で吐き出す,権力関係による現場での絶対的な抑圧を労働者同士の共感を呼ぶ洗練されたブラックユーモアへと変換し不満を笑いで浄化して自己の尊厳を回復する防衛機制,座敷 客を招き入れるための和室,江戸時代の水茶屋や遊里で働く人々の間で詠まれたとされる都々逸に基づく,史実および原典に基づき 中高生が理解しやすいよう現代語訳および一部表現を加筆修正しています
替え歌,江戸時代から幕末,流行している民謡や俗曲のメロディに本来とは全く異なる社会風刺や皮肉を込めた歌詞を乗せて歌う大衆の表現手法,抑圧された庶民 と 幕府や藩の権力者,幕末の動乱期において物価の高騰や政治の腐敗が進行する一方で権力への直接的な批判は厳しく弾圧される言論統制の時代,幕府が庶民の生活を顧みず重税を課したり無能な政策を強行したりして社会全体に極度の不満と閉塞感が蔓延し暴動の一歩手前まで追い詰められる状況,官軍の行進曲であった「宮さん宮さん」などの流行歌の歌詞を書き換え幕府の敗北や役人の無能さを滑稽に描いた替え歌として匿名で市中に流行させる,武力による決死の反乱ではなく誰もが知るメロディに権力者を茶化す言葉を乗せて集団で歌うことで政治的な絶望を極上のエンタメに変換し権威を完全に失墜させる痛快な情報戦,宮さん宮さん 幕末に新政府軍が歌ったとされる日本初の軍歌でトンヤレ節とも呼ばれる 言論統制 権力者が自分たちに不都合な思想や表現を力で押さえつけること,幕末期に市中で流行した落首や流行歌の替え歌に関する歴史記録に基づく,史実および原典に基づき 中高生が理解しやすいよう現代語訳および一部表現を加筆修正しています
替え歌,江戸時代から幕末,流行している民謡や俗曲のメロディに本来とは全く異なる社会風刺や皮肉を込めた歌詞を乗せて歌う大衆の表現手法,貧しい長屋の住人 と 悪徳な大商人,一部の商人が米の買い占めなどを行い莫大な富を築く一方で多くの庶民が飢えや貧困に苦しむという深刻な経済的格差と怨嗟,商人が飢饉の最中にも関わらず蔵に米を溜め込み庶民の足元を見て値段を釣り上げさらなる富を搾取しようとする非道な経済的マウント,打ちこわしなどの暴力に訴える前に祭りなどで歌われる陽気な盆踊り唄の節に合わせてその商人の強欲な振る舞いを卑猥な言葉や動物に例えて歌い踊る,経済的な搾取という理不尽な暴力に対して相手の人格をコミカルな悪役へと引きずり下ろす替え歌の連呼により共同体の鬱憤を笑いで止揚し精神的な連帯を保つ仕組み,打ちこわし 江戸時代に米価の高騰などに苦しむ民衆が米屋などの商家を襲撃し破壊した暴動,江戸時代の大飢饉の際に民衆の間で自然発生的に歌われた風刺歌の記録に基づく,史実および原典に基づき 中高生が理解しやすいよう現代語訳および一部表現を加筆修正しています
替え歌,江戸時代から幕末,流行している民謡や俗曲のメロディに本来とは全く異なる社会風刺や皮肉を込めた歌詞を乗せて歌う大衆の表現手法,寺子屋の子供たち と 厳格な師匠や親,儒教的な道徳観に基づく教育が重視され子供たちは大人から立派な人間になれというプレッシャーと厳しい規律を押し付けられていた,大人が教訓の書かれた真面目な唱歌や暗唱用の文章を子供に強制し少しでも間違えれば体罰を与え子供の自由な発想を型にはめようとする抑圧的な教育環境,大人の前では真面目に歌うふりをしつつ子供同士の遊び場ではその高尚な歌詞を排泄物や間抜けな行動に置き換えた下品な替え歌として大合唱する,大人の押し付ける権威的な道徳の枠組みをリズムとタブー語の融合によって無効化し直接反抗することなく子供だけの自由な精神的領域を確保する高度な自己防衛,唱歌 学校や教育機関で教えられる歌曲 儒教 中国発祥の倫理学で目上の者を敬うことを強く説く,江戸時代から近代にかけての童謡の変遷と子供たちの遊び文化を記録した民俗学史料に基づく,史実および原典に基づき 中高生が理解しやすいよう現代語訳および一部表現を加筆修正しています
阿呆陀羅経,江戸時代末期から明治時代,僧侶の読経のリズムに乗せて世相風刺や滑稽な事象を早口で歌い上げる大道芸で木魚の代わりに扇子で拍子木を叩きながら演じられた,日々の生活に疲弊する庶民 と 権威を笠に着る僧侶や役人,幕末から明治維新にかけての価値観の転換期において旧来の宗教的権威や新しい政治体制に対する民衆の不満が鬱積していた,僧侶が難解な経典を唱えて大衆を精神的に支配しようとしたり役人が新しい法律を盾に威圧的な態度でマウントを取ろうとする抑圧的な状況,お経の荘厳なリズムとメロディを完全に模倣しながらあほだらきょうというふざけた響きに乗せて権力者の偽善や好色さを俗悪な言葉で暴露して歌い上げる,宗教的なデスマッチや政治的な抑圧に対して正面から反発せず相手が用いる神聖なフォーマットそのものをハックし下世話な笑いへとアウフヘーベンする知性,阿呆陀羅経 幕末から明治にかけて流行した願人坊主などの大道芸人が始めた俗謡 願人坊主 寺に属さず街頭で修行や芸をして門付を行った半僧半俗の人々,明治時代の風俗を記録した世相史料や大道芸に関する民俗学の研究書に基づく,史実および原典に基づき 中高生が理解しやすいよう現代語訳および一部表現を加筆修正しています
阿呆陀羅経,江戸時代末期から明治時代,僧侶の読経のリズムに乗せて世相風刺や滑稽な事象を早口で歌い上げる大道芸で木魚の代わりに扇子で拍子木を叩きながら演じられた,口うるさい姑 と 虐げられる嫁,封建的な家族制度の中で嫁は絶対的な服従を強いられ家庭内の理不尽な抑圧に対して声を上げる手段を持たなかった,姑が家風に合わない働きが悪いと一方的な価値観を押し付け嫁に対して延々と感情的な説教による減点マウントを続ける息苦しい日常,直接言い返すのではなく阿呆陀羅経の軽快な拍子に合わせて姑の理不尽な言動や滑稽な失敗を第三者に向けてリズミカルに並べ立てて笑い飛ばす,閉鎖的な家庭内の権力闘争を大道芸という開かれたエンターテインメントの枠組みに落とし込むことで当事者の怒りを相対化し不毛な争いをつぶす仕組み,門付 家々の門口に立って音曲や芸能を演じ金品を乞う行為,江戸末期から明治にかけて出版された俗謡集や阿呆陀羅経の台本録に基づく,史実および原典に基づき 中高生が理解しやすいよう現代語訳および一部表現を加筆修正しています
阿呆陀羅経,江戸時代末期から明治時代,僧侶の読経のリズムに乗せて世相風刺や滑稽な事象を早口で歌い上げる大道芸で木魚の代わりに扇子で拍子木を叩きながら演じられた,伝統的な生活を送る庶民 と 西洋化を推進する知識人,文明開化の号令の下で西洋の文化が急速に流入し伝統的な価値観と新しい西洋的価値観の間で激しい文化摩擦が生じていた,西洋かぶれの知識人がちょんまげは野蛮だ牛肉を食えと新しい価値観を絶対的な正義として振りかざし古い生活様式を野蛮だと見下す状況,洋服を着て気取っている知識人が実は西洋のマナーを全く理解しておらず滑稽な失敗を犯す様をお経の節に乗せて皮肉たっぷりに描写し大衆の爆笑をさらう,急激な近代化による価値観の押し付けという社会の分断を伝統的な仏教音楽のパロディというフィルターを通して笑いに変換し心理的ストレスを調和させる技術,文明開化 明治時代初期に西洋の制度や文化が急速に取り入れられ人々の生活が大きく変化した現象,明治初期に流行した散切り頭を風刺する阿呆陀羅経の歌詞に基づく,史実および原典に基づき 中高生が理解しやすいよう現代語訳および一部表現を加筆修正しています
寄席の大喜利,江戸時代後期から明治時代,寄席の最後の演目として複数の演者が並び観客からのお題に対して当意即妙の機知や言葉遊びを競う集団即興演芸,意地悪な難題を出す観客 と 高座に並ぶ落語家たち,寄席に集まる観客は単に話を聞くのではなく演者の力量を厳しく評価する目を持っており知的な真剣勝負の対戦相手という側面があった,観客が演者を困らせて優位に立とうと全く関連性のない二つの事象を提示しそれらを掛けて何と解くと強引な論理の構築を要求する知的なデスマッチ,演者が即座にその心はと全く別の文脈を持つ同音異義語や掛詞を用いて二つの事象を鮮やかに結びつけ論理的な謎解きを完成させる,相手の悪意ある難題による減点マウントの試みを瞬時の連想力によってユーモアの加点へと移行させ不毛な争いを観客全体の知的興奮へとアウフヘーベンする芸の力,大喜利 寄席の最後のプログラムで出演者が総出で行う余興 なぞかけ ＡとかけてＢと解くその心はＣという形式の言葉遊び,明治時代から大正時代にかけての寄席の速記録や落語家の芸談に基づく,史実および原典に基づき 中高生が理解しやすいよう現代語訳および一部表現を加筆修正しています
寄席の大喜利,江戸時代後期から明治時代,寄席の最後の演目として複数の演者が並び観客からのお題に対して当意即妙の機知や言葉遊びを競う集団即興演芸,失敗をした演者 と それを嘲笑しようとする他の演者や観客,複数の演者が同時に舞台に上がるため一人の発言ミスや言葉の詰まりが即座に座全体の進行を止める致命的なエラーとなり得た,一人の演者がお題に対する答えに窮したり見当違いな発言をした際に周囲の演者がそれを捉えて激しく非難し笑い者にしようと一斉に攻撃を仕掛ける場面,追い詰められた演者が自身の失敗そのものを自虐的な笑いに変換したり非難してきた相手の言葉尻を捉えてさらに巧妙なダジャレで反撃して座布団を奪い返す,コミュニティ内でのミスに対する集団リンチ的な攻撃を当意即妙の切り返しによってルール化されたゲーム内のエンタメへと昇華させ対立の火種をつぶす構造,高座 寄席において演者が芸を披露するために一段高く設けられた座席 座布団 大喜利において優れた回答をした者に与えられる評価の証,近代の寄席演芸史における大喜利の進行記録や芸人の回顧録に基づく,史実および原典に基づき 中高生が理解しやすいよう現代語訳および一部表現を加筆修正しています
寄席の大喜利,江戸時代後期から明治時代,寄席の最後の演目として複数の演者が並び観客からのお題に対して当意即妙の機知や言葉遊びを競う集団即興演芸,社会の矛盾に不満を持つ演者 と 取り締まりを行う警察や役人,明治以降も警察による寄席の監視は厳しく直接的な政府批判や風紀を乱す発言は興行停止などの厳しい処罰を受ける危険があった,臨検席と呼ばれる警察官の専用席から役人が目を光らせ演者が少しでも体制に批判的な言葉を発すれば即座に権力によって発言を封殺しようと圧力をかける状況,演者同士が直接的な批判用語を一切使わず歴史上の出来事や花鳥風月に関する隠語や地口を連発しながら背後にある政治的事件の矛盾を暗に描き出し観客と密かに共有する,圧倒的な権力による言論弾圧という絶望的な対立構造に対し言語の多義性とコンテクストの共有という高度な暗号技術を用いて表現の自由を死守する知恵,臨検席 警察官が興行の内容を監視するために寄席などの客席の後方に設けられた特等席 地口 言葉の音韻を似た別の言葉に置き換える言葉遊び,明治期の警察機構による寄席取締規則および当時の風刺演芸の記録に基づく,史実および原典に基づき 中高生が理解しやすいよう現代語訳および一部表現を加筆修正しています
雑誌の投稿欄,明治時代から昭和初期,雑誌の読者投稿コーナーにおいて読者同士や編集者と読者が活字を通じて知的なユーモアや風刺を競い合った近代の文字文化,投稿者 と 権威的な編集者,活字メディアが知識階級の特権から大衆へと広がる中で編集者と読者の間に知識や教養を巡る非対称な権力関係が存在した,編集者が読者の投稿に対して陳腐だ面白くないと権威的な立場で厳しい批評を行い活字上で容赦ない減点マウントをとる場面,投稿者が次号でその編集者の酷評自体をパロディ化した見事な風刺文を投稿し編集者の権威を笑いのネタとして取り込む,権威による一方的な見下しに対する反発をユーモアで包み不毛な争いを読者全体を巻き込んだエンターテインメントへとアウフヘーベンする知性,投書欄 雑誌や新聞で読者の意見や作品を掲載する枠組み パロディ 相手の文体や特徴を模倣しつつ滑稽に改変する表現手法,明治から大正期の総合雑誌や文芸誌における読者欄の記録に基づく,史実および原典に基づき 中高生が理解しやすいよう現代語訳および一部表現を加筆修正しています
雑誌の投稿欄,明治時代から昭和初期,雑誌の読者投稿コーナーにおいて読者同士や編集者と読者が活字を通じて知的なユーモアや風刺を競い合った近代の文字文化,異なる思想を持つ読者同士,政治や社会問題に関するイデオロギーの対立が激しく活字空間が言論のデスマッチの舞台になりやすい時代背景,相手の主張の論理的矛盾を徹底的に突き激しい言葉で論破しようと攻撃的な論陣を張り相手を屈服させようとする状況,相手の論理を真っ向から否定せずその論理を極端に推し進めて滑稽な結論を導き出す皮肉たっぷりの小話を投稿して応戦する,イデオロギーの対立という不毛な争いを文学的なユーモアで止揚し熱狂する議論に冷や水を浴びせて相対化する技術,イデオロギー 政治的または社会的な思想傾向や信念の体系,大正から昭和初期の言論誌における読者同士の論争の記録に基づく,史実および原典に基づき 中高生が理解しやすいよう現代語訳および一部表現を加筆修正しています
雑誌の投稿欄,明治時代から昭和初期,雑誌の読者投稿コーナーにおいて読者同士や編集者と読者が活字を通じて知的なユーモアや風刺を競い合った近代の文字文化,社会の理不尽に直面する市民 と 政治権力,権力者が市民の生活を圧迫するような悪法や政策を押し付ける一方で直接的な体制批判は検閲により弾圧される抑圧的な社会,言論統制が敷かれる中で政治の腐敗や役人の無能さに対する市民の鬱憤が限界に達し暴動や対立の火種がくすぶっている状況,直接的な批判の言葉を避け川柳や狂歌の形式を用いて政策の矛盾をユーモラスに皮肉る投稿を新聞や雑誌の読者欄に送り続ける,権力による弾圧を避けるため怒りを笑いに変換し検閲の網をすり抜けながら社会の対立をユーモアで可視化してガス抜きをする仕組み,川柳 五七五の音律で人情や社会を滑稽に詠む定型詩 検閲 出版前に権力が内容を確認し不都合なものを削除すること,昭和初期の新聞や雑誌における風刺川柳および投稿欄の記録に基づく,史実および原典に基づき 中高生が理解しやすいよう現代語訳および一部表現を加筆修正しています
ネタハガキ,昭和中期から平成,深夜ラジオ番組などにリスナーがハガキでネタを投稿しパーソナリティとリスナーの間で高度な笑いの共同体を構築した現代の大衆文化,深夜ラジオのパーソナリティ と ハガキ職人,マスメディアの送り手と受け手という明確な区別がある中で深夜という解放された時間帯特有の親密なコミュニケーション空間が形成された,パーソナリティが番組の面白さのためにリスナーの生活の惨めさや容姿を嘲笑しマスメディアの力を使って権力的なマウントを取る場面,リスナーが自らの惨めなエピソードを極限まで誇張した自虐ネタとして投稿しパーソナリティに読ませて逆転の爆笑を奪う,一方的な見下しに対して自虐というユーモアで返すことで相手の攻撃を無力化し不毛な対立関係を番組を作る共犯関係へと昇華させる,ハガキ職人 ラジオ番組などに頻繁にネタハガキを投稿し採用される常連リスナー 自虐 自分の弱点や失敗を意図的に笑いのネタにすること,昭和後期から平成初期の深夜ラジオ番組の投稿コーナーにおける放送記録に基づく,史実および原典に基づき 中高生が理解しやすいよう現代語訳および一部表現を加筆修正しています
ネタハガキ,昭和中期から平成,深夜ラジオ番組などにリスナーがハガキでネタを投稿しパーソナリティとリスナーの間で高度な笑いの共同体を構築した現代の大衆文化,番組内でしのぎを削るハガキ職人同士,限られた採用枠を巡って常連リスナー同士が激しい競争を繰り広げ自身の知的優位性を証明しようとする承認欲求の場,他の職人のネタがつまらないと貶めたり相手の採用数に嫉妬して他者への減点マウントを取ろうとする陰湿な対立が生じそうになる状況,相手のネタのフォーマットや設定を借用しながら全く異なる視点でさらに鮮やかなオチをつける被せネタを投稿して番組の質を上げる,ライバルへの敵意を直接ぶつけるのではなくより高度なユーモアによる加点競争へと移行させ争いを番組全体の盛り上がりへとアウフヘーベンする知性,被せ 前の人の発言やネタの文脈を利用してさらに笑いを増幅させるテクニック 承認欲求 他者から認められたいという欲求,ラジオ雑誌等に記録されたハガキ職人同士の交流や投稿バトルに関する証言に基づく,史実および原典に基づき 中高生が理解しやすいよう現代語訳および一部表現を加筆修正しています
ネタハガキ,昭和中期から平成,深夜ラジオ番組などにリスナーがハガキでネタを投稿しパーソナリティとリスナーの間で高度な笑いの共同体を構築した現代の大衆文化,抑圧されている若者 と 学校や社会の理不尽な権威,教師や上司が権力を振りかざして理不尽な校則やルールを押し付け若者の自由や個性を制限する息苦しい日常のストレス,大人たちが絶対的な正義として振る舞い若者の反論を許さず理不尽な命令や説教で精神的に抑圧してくる逃げ場のない対立構造,その理不尽な状況そのものをあるあるネタや架空の法律などの大喜利フォーマットに変換してラジオに投稿し全国のリスナーと笑いを共有する,現実の絶対的な権力構造に対する怒りを匿名空間の笑いへと変換し不毛な反抗をつぶして精神的な優位性と連帯感を保つ防衛機制,あるあるネタ 日常生活で多くの人が経験し共感できる些細な出来事や理不尽な状況を笑いにする手法,深夜ラジオにおける学校や社会への不満をテーマにした投稿コーナーの傾向に基づく,史実および原典に基づき 中高生が理解しやすいよう現代語訳および一部表現を加筆修正しています
ネット大喜利,平成後期から令和,インターネット上の掲示板やSNSにおいて匿名で出題と回答を行い評価を競い合うテキストベースの即興ユーモア文化,SNS上で議論をするユーザー同士,インターネットの普及により誰もが発信者となった結果価値観の相違からSNS上で日々無数の対立や炎上が発生する環境,特定の話題について相手の些細な言葉のミスを非難し合い他者への減点マウントを目的としたデスマッチが泥沼化しエスカレートする状況,議論の参加者や第三者が間に入って論点とは関係のない秀逸なボケやなぞかけを投下して議論の文脈を強制的にユーモアでアウフヘーベンしていく,SNS特有の感情的対立の間に分け入り議論を笑いの土俵へと移行させることで不毛な争いをつぶしていく現代の情報戦術,レスバトル インターネット上の掲示板やSNSにおいて双方が相手を論破しようと激しく言い争うこと なぞかけ 複数の事象の共通点を掛けて解く言葉遊び,現代のSNSにおける炎上回避や大喜利化の事例およびユーザー行動の観察に基づく,史実および原典に基づき 中高生が理解しやすいよう現代語訳および一部表現を加筆修正しています
ネット大喜利,平成後期から令和,インターネット上の掲示板やSNSにおいて匿名で出題と回答を行い評価を競い合うテキストベースの即興ユーモア文化,大喜利サイトの回答者 と 難解なお題を出す出題者,オンラインの大喜利プラットフォームにおいて出題者と回答者の間でいかに面白い回答を引き出すかという知的なゲームが成立している,出題者が回答者を困らせて優位に立とうと全く脈絡のない画像を組み合わせたり理解不能な不条理なシチュエーションを提示してくる場面,回答者がその不条理なお題の裏をかき独自の論理で筋の通った滑稽なストーリーを構築し一つの完璧な作品として回答を完成させる,出題者の悪意あるマウントに対して相手を論破するのではなく回答の美しさというユーモアの加点で応じ対立を共同の創作活動へと止揚するゲーム性,ボケ インターネット大喜利において論理の飛躍や意外な視点を用いて笑いを生み出す回答技術 大喜利 お題に対して気の利いた面白い回答を提示する遊び,ボケて等のネット大喜利プラットフォームにおける投稿形式と評価システムに基づく,史実および原典に基づき 中高生が理解しやすいよう現代語訳および一部表現を加筆修正しています
ネット大喜利,平成後期から令和,インターネット上の掲示板やSNSにおいて匿名で出題と回答を行い評価を競い合うテキストベースの即興ユーモア文化,SNSで攻撃的な発言をする者 と ターゲットにされた者,顔の見えない匿名の相手から突然攻撃を受けるリスクが常に存在し感情的に反応すればさらに相手を喜ばせてしまう非対称なコミュニケーション,相手の文脈を無視した的外れな批判や悪意に満ちた誹謗中傷のリプライが届き感情的なダメージを与えられ争いに引きずり込まれそうになる状況,怒りや反論で応じるのではなくその批判の言葉を大喜利のお題と見なし頓知の効いたユーモラスな返信をして相手を完全に煙に巻く,悪意のある攻撃に正面から向き合うという不毛な争いを拒否し自身の知性を証明する大喜利の舞台へと変換することで対立を無効化する,クソリプ SNSにおいて文脈を無視したり見当違いな非難を含んだりする不快な返信 クソリプライの略 頓知 その場に応じて即座に出る機転の利いた知恵,現代のSNSにおける著名人や一般ユーザーのユーモアを用いた切り返しの実例に基づく,史実および原典に基づき 中高生が理解しやすいよう現代語訳および一部表現を加筆修正しています
写真で一言,昭和後期から現代,提示された無関係な写真に対して全く別の文脈の言葉を添えることで写真の意味を強制的に書き換え笑いを生み出す現代の大喜利文化,投稿者や回答者 と 出題者や写真の被写体,情報化社会において画像や映像が溢れかえる中 視覚情報の持つ固定化された意味に対する大衆の無意識の飽きと破壊願望が存在した,相手が「この写真はこういう意味だ」と固定観念を押し付けたり 威圧的な人物の写真を提示して視覚的な圧力でマウントを取ろうとする状況,写真の人物の表情や背景の微細な違和感をすくい取り 全く関係のない日常の不満や間抜けな台詞を当てはめてユーモアでアウフヘーベンする,視覚的な権威や固定観念という抑圧を言葉の力によってずらし 不毛な意味の押し付け合いをつぶして新たな視点を提供する知性,IPPONグランプリ 写真で一言をメジャーな競技に押し上げたテレビ番組 VOW 街中の変な看板などの写真にツッコミを入れる雑誌の投稿コーナー,現代のお笑い番組や雑誌の投稿コーナーにおける写真大喜利の形式に基づく,史実および原典に基づき 中高生が理解しやすいよう現代語訳および一部表現を加筆修正しています
写真で一言,昭和後期から現代,提示された無関係な写真に対して全く別の文脈の言葉を添えることで写真の意味を強制的に書き換え笑いを生み出す現代の大喜利文化,SNSユーザー と 炎上を煽る者,政治家や有名人の失言やスキャンダル写真が瞬時に拡散され 感情的な非難や怒号が飛び交う殺伐としたインターネット空間,炎上を煽る者が対象者の写真をさらし上げ「こいつを叩け」と集団リンチ的なデスマッチを仕掛け 人々の憎悪を増幅させようとする場面,対象の深刻な写真をゲームのバグ画像やアニメのワンシーンに見立てた一言を添え 炎上の文脈を強制的にギャグの世界へ転換させる,感情的なバッシングという不毛な争いの間にユーモアという緩衝材として入り込み 憎悪の連鎖を笑いでつぶしていく情報コントロール術,炎上 SNS等で特定の人物に対して非難が殺到する状態 バッシング 特定の個人や団体を激しく非難し叩くこと,現代のSNSにおける炎上写真へのユーモアによる鎮火事例に基づく,史実および原典に基づき 中高生が理解しやすいよう現代語訳および一部表現を加筆修正しています
写真で一言,昭和後期から現代,提示された無関係な写真に対して全く別の文脈の言葉を添えることで写真の意味を強制的に書き換え笑いを生み出す現代の大喜利文化,日常生活に疲れた者 と 抑圧的な環境,学校や職場での厳しい規律や単調な日常業務によって 人々の間に無力感やストレスが蓄積しやすい現代社会,日常の中で遭遇する理不尽な上司の態度や絶望的なミスなど 自身の尊厳を削られるような逃げ場のない心理的圧迫状況,その理不尽な状況を写真に撮り まるで映画の予告編のような壮大な一言を添えてSNSに投稿し 自身の悲惨さを客観視する,圧倒的なストレスに対して真正面から苦しむのではなく 視点を変えてエンタメへとアウフヘーベンし 精神的な自己防衛を成功させる技術,自己防衛 ストレスや危険から自分自身の心身を守ろうとする心理的な働き 客観視 自分自身の状況を第三者の視点から冷静に見つめ直すこと,SNS等で日常の失敗をユーモアに変換する一般ユーザーの投稿事例に基づく,史実および原典に基づき 中高生が理解しやすいよう現代語訳および一部表現を加筆修正しています
縦読み,奈良時代から現代,文章を横に読ませつつ 行の頭文字などを縦に読むと全く別の隠されたメッセージが浮かび上がるように構成する暗号的な言葉遊び,表現者 と 権威者や検閲者,権力者への批判が許されない環境や 表面上の礼儀を保ちながら本音を伝えなければならない複雑な人間関係の摩擦が存在した,上司や権力者が「私の言うことに賛同しろ」と同調圧力をかけ 表面上の服従を強要して絶対的なマウントを取ろうとする息苦しい状況,表向きは相手を絶賛する長文を書きつつ 行の頭を縦に読むと「ばかやろう」などと痛烈な批判になるように文章を練り上げて提出する,権力による言論弾圧という不毛な対立に対して 直接的な反抗を避けながら高度な知性で相手を出し抜き 精神的勝利を収めるゲーム性,折句 和歌で各句の頭文字を繋ぐと別の意味になる修辞法 同調圧力 集団の中で多数派の意見に合わせるよう暗に強制される心理的な圧迫,万葉集の折句から現代のSNSや新聞のテレビ欄における縦読み表現の系譜に基づく,史実および原典に基づき 中高生が理解しやすいよう現代語訳および一部表現を加筆修正しています
縦読み,奈良時代から現代,文章を横に読ませつつ 行の頭文字などを縦に読むと全く別の隠されたメッセージが浮かび上がるように構成する暗号的な言葉遊び,ネット掲示板のユーザー と 荒らしや不快な投稿者,匿名掲示板において 攻撃的な言葉や不毛な論争が絶えず 感情的に反論しても泥沼化するだけの言論空間が形成されていた,荒らしと呼ばれるユーザーが 挑発的な言葉で特定の話題を執拗に攻撃し 相手を不毛なデスマッチに引きずり込もうと画策する場面,荒らしの主張に同意するような丁寧な文章を装いつつ 縦読みで相手を皮肉るメッセージを仕込み 荒らし本人には気づかせずに第三者と笑いを共有する,悪意ある挑発に対して感情的なレスバトルで応じることを拒否し 暗号解読のユーモアでアウフヘーベンして争いを未然につぶしていく戦術,荒らし ネット上で意図的に場を乱したり相手を挑発したりする迷惑行為 レスバトル ネット上で互いに論破しようと激しく言い争うこと,インターネットの匿名掲示板におけるユーザー同士の対立回避の手法に基づく,史実および原典に基づき 中高生が理解しやすいよう現代語訳および一部表現を加筆修正しています
縦読み,奈良時代から現代,文章を横に読ませつつ 行の頭文字などを縦に読むと全く別の隠されたメッセージが浮かび上がるように構成する暗号的な言葉遊び,スポーツ新聞の編集者 と 競合紙や読者,新聞のラテ欄など 限られた文字数の中で読者の目を引きつけ 他紙との差別化を図らなければならない厳しい部数競争の環境,読者の活字離れが進み 単純な番組紹介では注目されず メディアとしての影響力が低下していくという情報化社会の構造的なプレッシャー,ラテ欄の左端の文字を縦に読むと 番組の裏話やライバル球団へのユーモラスな挑発になるように 限られた枠の中で極限のパズルを構築する,単なる情報伝達の枠組みを 読者との知的な共犯関係を結ぶ遊び場へと変換し メディアの生き残り競争をエンタメへと昇華させる編集技術,ラテ欄 新聞や雑誌に掲載されるラジオやテレビの番組表のこと 活字離れ 人々が本や新聞などの活字媒体を読まなくなる傾向,現代のスポーツ新聞や地方紙のテレビ欄における縦読みの事例に基づく,史実および原典に基づき 中高生が理解しやすいよう現代語訳および一部表現を加筆修正しています
空耳,昭和後期から現代,外国語の歌や意味不明な言葉が 全く別の日本語の滑稽なフレーズに聞こえる現象を意図的に見つけ出し映像などを添えて楽しむ文化,音楽リスナー と 権威的な洋楽文化,洋楽が高尚なもの 英語を理解できることが教養の証とされる一方で 言葉の壁に対する大衆の劣等感や反発が潜在的に存在した,音楽通が「この英語の歌詞の深い意味が分からないのか」と知識をひけらかし 言葉の壁を利用して文化的な減点マウントを取ろうとする状況,英語のスタイリッシュな歌詞を「農協牛乳」などの生活感あふれる日本語の響きとして強制的に聞き間違え その滑稽さを堂々と主張する,言語の壁による権威的なヒエラルキーを 聴覚の錯覚を利用した言葉遊びで無効化し 高尚な芸術を下世話な笑いへとアウフヘーベンする知性,タモリ倶楽部 空耳アワーというコーナーで空耳文化を日本中に定着させた深夜番組 洋楽 主に欧米で作られたポピュラー音楽の総称,深夜テレビ番組の投稿コーナーにおける空耳ネタの形式に基づく,史実および原典に基づき 中高生が理解しやすいよう現代語訳および一部表現を加筆修正しています
空耳,昭和後期から現代,外国語の歌や意味不明な言葉が 全く別の日本語の滑稽なフレーズに聞こえる現象を意図的に見つけ出し映像などを添えて楽しむ文化,インターネットユーザー と 難解な外国語の映像,動画共有サイトの普及により 世界中のあらゆる言語のコンテンツにアクセスできるようになったが 言葉の意味は依然としてブラックボックスであった,全く理解できない言語のニュースやプロパガンダ映像が 異質なものに対する恐怖感や不気味さを引き起こし 心理的なバリアを生む状況,その映像の音声に日本語の空耳字幕を付け まるで登場人物が近所の揉め事や下品な会話をしているかのように文脈を完全に上書きする,未知の言語に対する恐怖や分断という不毛な対立構造を 空耳というユーモアのフィルターを通して親近感へと転換し 争いの芽をつぶしていく技術,動画共有サイト YouTubeやニコニコ動画などユーザーが動画を投稿し視聴できるサービス プロパガンダ 特定の思想や政治的意図を大衆に植え付けるための宣伝活動,ネット上の動画共有サイトで流行した空耳字幕動画の文化に基づく,史実および原典に基づき 中高生が理解しやすいよう現代語訳および一部表現を加筆修正しています
空耳,昭和後期から現代,外国語の歌や意味不明な言葉が 全く別の日本語の滑稽なフレーズに聞こえる現象を意図的に見つけ出し映像などを添えて楽しむ文化,友人同士や同級生 と 失敗を嘲笑する空気,学校などの集団生活において 共通の話題で盛り上がることがコミュニケーションの潤滑油として機能する日常空間,誰かが言い間違いをしたり 聞き間違いをしてしまった際に 周囲がそれを激しく嘲笑し 一方を貶めるような陰湿な空気が生じそうになる場面,その間違いを単なるミスとして責めるのではなく「確かにそう聞こえる」と皆で面白がり その空耳を仲間内だけの新しい隠語として定着させる,他者の失敗を攻撃の材料にするのではなく 新たな言葉遊びのルールとして受け入れ ユーモアによって集団内の対立を未然に防ぐ共感能力,隠語 特定の仲間内だけで通用し外部の人間には意味が分からないように作られた言葉 コミュニケーション 人間同士が意思や感情を伝え合うこと,現代の若者文化における言い間違いや聞き間違いから派生するスラングの発生過程に基づく,史実および原典に基づき 中高生が理解しやすいよう現代語訳および一部表現を加筆修正しています
日本語ラップの韻踏み,昭和末期から現代,ヒップホップ音楽において 日本語の母音を合わせるなどしてリズミカルに言葉を連ね 相手への批判や自己主張を詩的に表現する文化,ラッパー同士 と 観客,ストリートカルチャーの中で 暴力ではなく言葉によって互いの実力や優位性を証明し 不満や怒りを昇華させる手段が求められていた,相手が「お前は偽物だ」「スキルがない」などと 自身のバックボーンや技術を否定し 直接的な暴言で感情的なデスマッチを仕掛けてくる緊迫した状況,相手の暴言の韻を即座に踏み返し 相手の文脈を逆手に取った上で より複雑で美しい韻の連鎖を構築して論破する,暴力や単なる罵倒という最低次元の対立を 韻律という厳格なルールの下での即興詩の競い合いへとアウフヘーベンし 不毛な争いを知的な芸術へと昇華させる力,MCバトル ラッパー同士が即興でラップをして技術や内容を競い合うこと 韻を踏む 複数の言葉の母音を合わせたり似た響きの言葉を並べてリズムを作ること,現代の日本語ラップにおけるMCバトルのルールと表現技法に基づく,史実および原典に基づき 中高生が理解しやすいよう現代語訳および一部表現を加筆修正しています
日本語ラップの韻踏み,昭和末期から現代,ヒップホップ音楽において 日本語の母音を合わせるなどしてリズミカルに言葉を連ね 相手への批判や自己主張を詩的に表現する文化,社会に不満を持つ若者 と 抑圧的な社会システム,経済格差や将来への不安が蔓延し 若者が社会に対して閉塞感や怒りを抱えていても 声を上げる有効な手段が限られていた,政治家や権力者が 無責任な発言や若者を切り捨てるような政策を強行し 社会全体に圧倒的な無力感と理不尽なマウントが覆いかぶさる状況,ニュースで流れた政治家の失言や社会の矛盾を表すキーワードをサンプリングし 鋭い韻を踏んだラップに乗せてSNSや楽曲で発信する,社会の理不尽に対する暴力的な暴動を避けて 言葉の刃を磨き上げることで権威を風刺し 怒りの感情を洗練されたユーモアと音楽で止揚する表現力,サンプリング 既存の音楽や音声の一部を切り取って自身の楽曲の素材として再構築する手法 閉塞感 状況が行き詰まっていて将来に希望が持てない息苦しい気分,日本語ラップにおける社会風刺や政治的メッセージを含む楽曲の歌詞に基づく,史実および原典に基づき 中高生が理解しやすいよう現代語訳および一部表現を加筆修正しています
日本語ラップの韻踏み,昭和末期から現代,ヒップホップ音楽において 日本語の母音を合わせるなどしてリズミカルに言葉を連ね 相手への批判や自己主張を詩的に表現する文化,学校生活になじめない生徒 と 偏見を持つ周囲の目,勉強やスポーツなどの画一的な評価基準に合わない者が 落ちこぼれとしてレッテルを貼られ 自己肯定感を奪われやすい教育環境,周囲の生徒や教師が「不良だ」「将来がない」と表面的な態度だけで一方的に評価を下し スクールカーストの底辺に押し込めようとする抑圧,自身のコンプレックスや不遇な生い立ちを隠さず むしろそれらを強烈なパンチラインに変えて 韻の美しさとリズムで周囲を圧倒し価値観を逆転させる,偏見による減点マウントに対して 独自の言語感覚という全く別の物差しを提示し 言葉の力だけで自身の存在を肯定させ 不毛なカーストをつぶす自己表現,パンチライン ラップや漫才において最も印象に残り聞き手に強い衝撃を与える決定的なフレーズ スクールカースト 学校のクラス内に自然発生する生徒の間の身分階層,高校生ラップ選手権など 若年層のラップ競技における自己表現のスタイルに基づく,史実および原典に基づき 中高生が理解しやすいよう現代語訳および一部表現を加筆修正しています
